-- MySQL dump 10.13  Distrib 5.7.29, for Linux (x86_64)
--
-- Host: 127.0.0.1    Database: blog
-- ------------------------------------------------------
-- Server version	5.5.5-10.4.11-MariaDB

/*!40101 SET @OLD_CHARACTER_SET_CLIENT=@@CHARACTER_SET_CLIENT */;
/*!40101 SET @OLD_CHARACTER_SET_RESULTS=@@CHARACTER_SET_RESULTS */;
/*!40101 SET @OLD_COLLATION_CONNECTION=@@COLLATION_CONNECTION */;
/*!40101 SET NAMES utf8 */;
/*!40103 SET @OLD_TIME_ZONE=@@TIME_ZONE */;
/*!40103 SET TIME_ZONE='+00:00' */;
/*!40014 SET @OLD_UNIQUE_CHECKS=@@UNIQUE_CHECKS, UNIQUE_CHECKS=0 */;
/*!40014 SET @OLD_FOREIGN_KEY_CHECKS=@@FOREIGN_KEY_CHECKS, FOREIGN_KEY_CHECKS=0 */;
/*!40101 SET @OLD_SQL_MODE=@@SQL_MODE, SQL_MODE='NO_AUTO_VALUE_ON_ZERO' */;
/*!40111 SET @OLD_SQL_NOTES=@@SQL_NOTES, SQL_NOTES=0 */;

--
-- Table structure for table `customers`
--

DROP TABLE IF EXISTS `customers`;
/*!40101 SET @saved_cs_client     = @@character_set_client */;
/*!40101 SET character_set_client = utf8 */;
CREATE TABLE `customers` (
  `id` int(11) NOT NULL,
  `name` varchar(255) COLLATE utf8mb4_unicode_ci NOT NULL,
  `warehouse` varchar(255) COLLATE utf8mb4_unicode_ci NOT NULL,
  `created_at` timestamp NULL DEFAULT NULL,
  `updated_at` timestamp NULL DEFAULT NULL,
  PRIMARY KEY (`id`,`warehouse`)
) ENGINE=InnoDB DEFAULT CHARSET=utf8mb4 COLLATE=utf8mb4_unicode_ci;
/*!40101 SET character_set_client = @saved_cs_client */;

--
-- Dumping data for table `customers`
--

LOCK TABLES `customers` WRITE;
/*!40000 ALTER TABLE `customers` DISABLE KEYS */;
INSERT INTO `customers` VALUES (1,'Imran ','','2020-03-04 11:34:26','2020-03-04 11:34:26'),(1,'A.R. Auto Agencies ','gomechanic_mumbai','2020-03-19 11:07:25','2020-03-19 11:07:25'),(3,'Sreekanth ','w1','2020-03-04 12:27:46','2020-03-16 14:36:11'),(3,'Sreekanth ','w2','2020-03-04 11:54:52','2020-03-16 14:36:11'),(4,'Vishnu ','W1','2020-03-17 06:39:34','2020-03-17 06:44:44'),(4,'Boot','W2',NULL,NULL),(12,'Customer12 ','W1','2020-03-17 10:08:40','2020-03-17 10:08:40'),(70,'Kurla Motors Accessories ','gomechanic_mumbai','2020-03-20 09:53:34','2020-03-20 09:53:34'),(102,'Parul Motor Accessories ','gomechanic_mumbai','2020-03-18 12:13:33','2020-03-18 12:13:33'),(148,'Targetone Innovation Private Limited ','gomechanic_bangalore','2020-03-20 10:38:56','2020-03-20 10:38:56'),(148,'Targetone Innovation Private Limited','w1','2020-03-11 10:10:44','2020-03-16 10:03:11'),(151,'Amol Automobiles ','gomechanic_mumbai','2020-03-19 14:39:02','2020-03-19 14:39:02'),(224,'AADI AUTO PARTS ','gomechanic_gurgaon','2020-03-20 11:23:26','2020-03-20 11:23:26'),(242,'W1Customer ','w1','2020-03-04 12:04:02','2020-03-04 12:04:02'),(242,'W1Customer','w2',NULL,NULL);
/*!40000 ALTER TABLE `customers` ENABLE KEYS */;
UNLOCK TABLES;

--
-- Table structure for table `migrations`
--

DROP TABLE IF EXISTS `migrations`;
/*!40101 SET @saved_cs_client     = @@character_set_client */;
/*!40101 SET character_set_client = utf8 */;
CREATE TABLE `migrations` (
  `id` int(10) unsigned NOT NULL AUTO_INCREMENT,
  `migration` varchar(255) COLLATE utf8mb4_unicode_ci NOT NULL,
  `batch` int(11) NOT NULL,
  PRIMARY KEY (`id`)
) ENGINE=InnoDB AUTO_INCREMENT=11 DEFAULT CHARSET=utf8mb4 COLLATE=utf8mb4_unicode_ci;
/*!40101 SET character_set_client = @saved_cs_client */;

--
-- Dumping data for table `migrations`
--

LOCK TABLES `migrations` WRITE;
/*!40000 ALTER TABLE `migrations` DISABLE KEYS */;
INSERT INTO `migrations` VALUES (1,'2014_10_12_100000_create_password_resets_table',1),(2,'2019_11_12_1000001_create_request_table',1),(3,'2019_12_31_093629_add_warehouse_column_to_request_table',1),(4,'2020_01_02_112129_add_requester_type_to_users_table',1),(5,'2020_01_16_142749_add_request_type_to_request_table',1),(6,'2020_01_24_161843_change_status_id_in_status_table',1),(7,'2020_02_19_112543_add_warehouse_to_users_table',1),(9,'2020_03_04_163815_add_warehouse_to_customers_table',2),(10,'2020_03_19_193212_add_status_and_order_id_to_request_items_table',3);
/*!40000 ALTER TABLE `migrations` ENABLE KEYS */;
UNLOCK TABLES;

--
-- Table structure for table `password_resets`
--

DROP TABLE IF EXISTS `password_resets`;
/*!40101 SET @saved_cs_client     = @@character_set_client */;
/*!40101 SET character_set_client = utf8 */;
CREATE TABLE `password_resets` (
  `email` varchar(255) COLLATE utf8mb4_unicode_ci NOT NULL,
  `token` varchar(255) COLLATE utf8mb4_unicode_ci NOT NULL,
  `created_at` timestamp NULL DEFAULT NULL,
  KEY `password_resets_email_index` (`email`)
) ENGINE=InnoDB DEFAULT CHARSET=utf8mb4 COLLATE=utf8mb4_unicode_ci;
/*!40101 SET character_set_client = @saved_cs_client */;

--
-- Dumping data for table `password_resets`
--

LOCK TABLES `password_resets` WRITE;
/*!40000 ALTER TABLE `password_resets` DISABLE KEYS */;
/*!40000 ALTER TABLE `password_resets` ENABLE KEYS */;
UNLOCK TABLES;

--
-- Table structure for table `request`
--

DROP TABLE IF EXISTS `request`;
/*!40101 SET @saved_cs_client     = @@character_set_client */;
/*!40101 SET character_set_client = utf8 */;
CREATE TABLE `request` (
  `request_id` int(10) unsigned NOT NULL AUTO_INCREMENT,
  `requested_by` int(10) unsigned DEFAULT NULL,
  `requested_at` datetime NOT NULL,
  `status` int(10) unsigned NOT NULL,
  `customer_id` int(10) unsigned NOT NULL,
  `approved_by` int(10) unsigned DEFAULT NULL,
  `warehouse` varchar(255) COLLATE utf8mb4_unicode_ci DEFAULT NULL,
  `request_type` varchar(255) COLLATE utf8mb4_unicode_ci DEFAULT NULL,
  `ordered_at` timestamp NULL DEFAULT NULL,
  `confirmed_at` datetime DEFAULT NULL,
  `created_at` timestamp NULL DEFAULT NULL,
  `updated_at` timestamp NULL DEFAULT NULL,
  PRIMARY KEY (`request_id`),
  KEY `request_approved_by_foreign` (`approved_by`),
  KEY `request_requested_by_foreign` (`requested_by`),
  CONSTRAINT `request_approved_by_foreign` FOREIGN KEY (`approved_by`) REFERENCES `users` (`id`),
  CONSTRAINT `request_requested_by_foreign` FOREIGN KEY (`requested_by`) REFERENCES `users` (`id`)
) ENGINE=InnoDB AUTO_INCREMENT=38 DEFAULT CHARSET=utf8mb4 COLLATE=utf8mb4_unicode_ci;
/*!40101 SET character_set_client = @saved_cs_client */;

--
-- Dumping data for table `request`
--

LOCK TABLES `request` WRITE;
/*!40000 ALTER TABLE `request` DISABLE KEYS */;
INSERT INTO `request` VALUES (1,2,'2020-03-04 17:04:26',0,1,NULL,'w1','Insurance',NULL,NULL,'2020-03-04 11:34:26','2020-03-04 11:34:26'),(2,2,'2020-03-04 17:24:52',2,3,1,'w1','Insurance','2020-03-09 11:41:53','2020-03-09 17:09:50','2020-03-04 11:54:52','2020-03-04 11:54:52'),(3,2,'2020-03-04 17:34:02',1,242,1,'w1','Insurance',NULL,'2020-03-09 17:22:40','2020-03-04 12:04:02','2020-03-04 12:04:02'),(4,2,'2020-03-04 17:35:04',0,242,NULL,'w1','Insurance',NULL,NULL,'2020-03-04 12:05:04','2020-03-04 12:05:04'),(5,2,'2020-03-04 17:50:10',0,3,NULL,'w1','Insurance',NULL,NULL,'2020-03-04 12:20:10','2020-03-04 12:20:10'),(6,2,'2020-03-04 17:56:19',2,3,1,'w1','Insurance','2020-03-06 11:50:22','2020-03-06 17:19:53','2020-03-04 12:26:19','2020-03-04 12:26:19'),(7,2,'2020-03-04 17:57:46',2,3,1,'w1','Insurance','2020-03-06 11:08:25',NULL,'2020-03-04 12:27:46','2020-03-04 12:27:46'),(8,2,'2020-03-06 16:06:48',3,3,1,'w1','Insurance',NULL,'2020-03-06 16:28:34','2020-03-06 10:36:48','2020-03-06 10:36:48'),(9,2,'2020-03-06 16:06:52',3,3,1,'w1','Insurance',NULL,'2020-03-06 16:30:24','2020-03-06 10:36:52','2020-03-06 10:36:52'),(10,2,'2020-03-11 15:40:44',0,148,NULL,'W1','Insurance',NULL,NULL,'2020-03-11 10:10:44','2020-03-11 10:10:44'),(11,2,'2020-03-11 17:24:34',0,148,NULL,'W1','Insurance',NULL,NULL,'2020-03-11 11:54:34','2020-03-11 11:54:34'),(12,2,'2020-03-16 15:33:11',0,148,NULL,'w1','Insurance',NULL,NULL,'2020-03-16 10:03:11','2020-03-16 10:03:11'),(13,2,'2020-03-16 15:34:04',0,148,NULL,'w1','Insurance',NULL,NULL,'2020-03-16 10:04:04','2020-03-16 10:04:04'),(14,2,'2020-03-16 16:05:00',0,148,NULL,'w1','Insurance',NULL,NULL,'2020-03-16 10:35:00','2020-03-16 10:35:00'),(15,2,'2020-03-16 17:01:15',2,3,1,'w1','Insurance','2020-03-06 11:50:22','2020-03-16 17:02:58','2020-03-16 11:31:15','2020-03-16 11:31:15'),(16,2,'2020-03-16 18:03:40',2,3,1,'w1','Insurance','2020-03-16 12:38:35','2020-03-16 18:07:40','2020-03-16 12:33:40','2020-03-16 12:33:40'),(17,2,'2020-03-16 18:16:08',2,3,1,'w1','Insurance','2020-03-16 12:51:20','2020-03-16 18:19:58','2020-03-16 12:46:08','2020-03-16 12:46:08'),(18,2,'2020-03-16 18:29:18',2,3,1,'w1','Insurance','2020-03-16 13:32:39','2020-03-16 18:37:56','2020-03-16 12:59:18','2020-03-16 12:59:18'),(19,2,'2020-03-16 18:30:39',2,3,1,'w1','Insurance','2020-03-16 13:43:50','2020-03-16 19:12:13','2020-03-16 13:00:39','2020-03-16 13:00:39'),(20,2,'2020-03-16 20:06:11',0,3,NULL,'w1','Insurance',NULL,NULL,'2020-03-16 14:36:11','2020-03-16 14:36:11'),(21,2,'2020-03-17 11:43:40',0,3,NULL,'w1','Insurance',NULL,NULL,'2020-03-17 06:13:40','2020-03-17 06:13:40'),(22,7,'2020-03-17 12:09:34',0,4,NULL,'W1','Traders',NULL,NULL,'2020-03-17 06:39:34','2020-03-17 06:39:34'),(23,7,'2020-03-17 12:11:02',0,4,NULL,'W1','Traders',NULL,NULL,'2020-03-17 06:41:02','2020-03-17 06:41:02'),(24,7,'2020-03-17 12:14:44',0,4,NULL,'W1','Traders',NULL,NULL,'2020-03-17 06:44:44','2020-03-17 06:44:44'),(25,7,'2020-03-17 12:43:07',0,4,NULL,'W1','Traders',NULL,NULL,'2020-03-17 07:13:07','2020-03-17 07:13:07'),(26,7,'2020-03-17 15:34:58',0,4,NULL,'W1','Traders',NULL,NULL,'2020-03-17 10:04:58','2020-03-17 10:04:58'),(27,7,'2020-03-17 15:38:40',0,12,NULL,'W1','Traders',NULL,NULL,'2020-03-17 10:08:40','2020-03-17 10:08:40'),(28,13,'2020-03-18 17:43:34',2,102,14,'gomechanic_mumbai','Traders','2020-03-18 12:16:05','2020-03-18 17:45:40','2020-03-18 12:13:34','2020-03-18 12:13:34'),(29,13,'2020-03-19 16:37:25',2,1,14,'gomechanic_mumbai','Traders','2020-03-19 14:21:36','2020-03-19 17:00:47','2020-03-19 11:07:25','2020-03-19 11:07:25'),(30,13,'2020-03-19 20:09:02',2,151,14,'gomechanic_mumbai','Traders','2020-03-19 14:39:58','2020-03-19 20:09:42','2020-03-19 14:39:02','2020-03-19 14:39:02'),(31,13,'2020-03-20 15:23:35',2,70,14,'gomechanic_mumbai','Traders','2020-03-23 16:02:12','2020-03-23 21:31:03','2020-03-20 09:53:35','2020-03-20 09:53:35'),(32,15,'2020-03-20 16:08:57',2,148,16,'gomechanic_bangalore','Traders','2020-03-20 10:45:52','2020-03-20 16:10:14','2020-03-20 10:38:57','2020-03-20 10:38:57'),(33,15,'2020-03-20 16:09:43',1,148,16,'gomechanic_bangalore','Traders',NULL,'2020-03-20 17:43:47','2020-03-20 10:39:43','2020-03-20 10:39:43'),(34,17,'2020-03-20 16:53:26',2,224,16,'gomechanic_gurgaon','Traders','2020-03-20 12:14:42','2020-03-20 17:44:08','2020-03-20 11:23:26','2020-03-20 11:23:26'),(35,13,'2020-03-23 21:16:09',2,102,14,'gomechanic_mumbai','Traders','2020-03-23 15:50:08','2020-03-23 21:18:19','2020-03-23 15:46:09','2020-03-23 15:46:09'),(36,13,'2020-03-24 17:28:29',0,1,NULL,'gomechanic_mumbai','Traders',NULL,NULL,'2020-03-24 11:58:29','2020-03-24 11:58:29'),(37,13,'2020-03-24 18:28:35',0,70,NULL,'gomechanic_mumbai','Traders',NULL,NULL,'2020-03-24 12:58:35','2020-03-24 12:58:35');
/*!40000 ALTER TABLE `request` ENABLE KEYS */;
UNLOCK TABLES;

--
-- Table structure for table `request_items`
--

DROP TABLE IF EXISTS `request_items`;
/*!40101 SET @saved_cs_client     = @@character_set_client */;
/*!40101 SET character_set_client = utf8 */;
CREATE TABLE `request_items` (
  `request_id` int(10) unsigned NOT NULL,
  `item_id` int(10) unsigned NOT NULL AUTO_INCREMENT,
  `make` varchar(255) COLLATE utf8mb4_unicode_ci NOT NULL,
  `model` varchar(255) COLLATE utf8mb4_unicode_ci NOT NULL,
  `variant` varchar(255) COLLATE utf8mb4_unicode_ci NOT NULL,
  `year` varchar(255) COLLATE utf8mb4_unicode_ci NOT NULL,
  `item_type` varchar(255) COLLATE utf8mb4_unicode_ci NOT NULL,
  `vin_number` varchar(255) COLLATE utf8mb4_unicode_ci NOT NULL,
  `registration_number` varchar(255) COLLATE utf8mb4_unicode_ci NOT NULL,
  `parts_name` varchar(255) COLLATE utf8mb4_unicode_ci NOT NULL,
  `part_number` varchar(255) COLLATE utf8mb4_unicode_ci DEFAULT NULL,
  `quantity` int(11) NOT NULL,
  `price` int(11) DEFAULT NULL,
  `total_price` int(11) DEFAULT NULL,
  `tax` int(11) DEFAULT NULL,
  `ETD` varchar(255) COLLATE utf8mb4_unicode_ci DEFAULT NULL,
  `order_id` varchar(255) COLLATE utf8mb4_unicode_ci DEFAULT NULL,
  `status` varchar(255) COLLATE utf8mb4_unicode_ci DEFAULT NULL,
  `created_at` timestamp NULL DEFAULT NULL,
  `updated_at` timestamp NULL DEFAULT NULL,
  PRIMARY KEY (`item_id`),
  KEY `request_items_request_id_foreign` (`request_id`),
  CONSTRAINT `request_items_request_id_foreign` FOREIGN KEY (`request_id`) REFERENCES `request` (`request_id`)
) ENGINE=InnoDB AUTO_INCREMENT=479 DEFAULT CHARSET=utf8mb4 COLLATE=utf8mb4_unicode_ci;
/*!40101 SET character_set_client = @saved_cs_client */;

--
-- Dumping data for table `request_items`
--

LOCK TABLES `request_items` WRITE;
/*!40000 ALTER TABLE `request_items` DISABLE KEYS */;
INSERT INTO `request_items` VALUES (1,1,'HYUNDAI','aa','qf','2020','OES','bhfe','evaaf','HYUNDAI_01','HYUNDAI_01',1,NULL,0,0,'0',NULL,NULL,'2020-03-04 11:34:26','2020-03-04 11:34:26'),(2,2,'HYUNDAI','dwqd','Suv','2020','OES','2020','nc','HYUNDAI_01','HYUNDAI_01',10,4407,44068,18,'2020-03-10',NULL,NULL,'2020-03-04 11:54:52','2020-03-04 11:54:52'),(3,3,'HYUNDAI','','efhj','2020','OEM','wqj','bcqjk','HYUNDAI_01','HYUNDAI_01',5,4407,22034,18,'2020-03-18',NULL,NULL,'2020-03-04 12:04:02','2020-03-04 12:04:02'),(4,4,'HYUNDAI','wdj','qe','jkqe','OES','njkfeq','em','HYUNDAI_02','HYUNDAI_02',2,NULL,0,0,'0',NULL,NULL,'2020-03-04 12:05:04','2020-03-04 12:05:04'),(5,5,'NISSAN','q','qfw','hj','OES','cq','jb','NISSAN_01','NISSAN_01',2,NULL,0,0,'0',NULL,NULL,'2020-03-04 12:20:10','2020-03-04 12:20:10'),(6,6,'HONDA','C','Byke','CS','OES','2019','12345','HONDA_02','HONDA_02',5,3559,17797,18,'2020-03-18',NULL,NULL,'2020-03-04 12:26:19','2020-03-04 12:26:19'),(7,7,'HYUNDAI','','Byke','2020','OEM','2019','12345','HYUNDAI_01','HYUNDAI_01',10,4407,44068,18,'2020-03-13',NULL,NULL,'2020-03-04 12:27:46','2020-03-04 12:27:46'),(8,8,'HONDA','','Byke','2019','OES','1234','12345','HONDA_01','HONDA_01',3,2712,8136,18,'2020-03-12',NULL,NULL,'2020-03-06 10:36:48','2020-03-06 10:36:48'),(9,9,'HONDA','','Byke','2019','OES','1234','12345','HONDA_01','HONDA_01',3,2712,8136,18,'2020-03-12',NULL,NULL,'2020-03-06 10:36:53','2020-03-06 10:36:53'),(10,10,'RENAULT','DUSTER','Byke','2020','OES','1','12345','Duster lower  ArmLH',' 545011697R',1,NULL,0,0,'0',NULL,NULL,'2020-03-11 10:10:44','2020-03-11 10:10:44'),(11,11,'SKODA','NEWK','KJNW','2020','OEM','12','123','123','123',10,NULL,0,0,'0',NULL,NULL,'2020-03-11 11:54:34','2020-03-11 11:54:34'),(12,12,'VW','whv','vdbh','2020','oes','jvw','sfnj','','d',1,NULL,0,0,'0',NULL,NULL,'2020-03-16 10:03:11','2020-03-16 10:03:11'),(13,13,'VW','whv','vdbh','2020','oes','jvw','sfnj','undefined','d',1,NULL,0,0,'0',NULL,NULL,'2020-03-16 10:04:04','2020-03-16 10:04:04'),(14,14,'Nissan','car','zx','2020','OES','123','1','WDJJD','545011697R',5,NULL,0,0,'0',NULL,NULL,'2020-03-16 10:35:00','2020-03-16 10:35:00'),(14,15,'Nissan','byke','xy','2020','OEM','12345','1','BBVWDJ','5J0853633A 2ZZ',10,NULL,0,0,'0',NULL,NULL,'2020-03-16 10:35:00','2020-03-16 10:35:00'),(14,16,'Nissan','car','zx','2020','OES','123','1','WDJJD','5JF853665  9B9',5,NULL,0,0,'0',NULL,NULL,'2020-03-16 10:35:00','2020-03-16 10:35:00'),(14,17,'Nissan','byke','xy','2020','OEM','12345','1','BBVWDJ','5JF853668  9B9',10,NULL,0,0,'0',NULL,NULL,'2020-03-16 10:35:00','2020-03-16 10:35:00'),(14,18,'Nissan','car','zx','2020','OES','123','1','WDJJD','82830M77A50-5PK',5,NULL,0,0,'0',NULL,NULL,'2020-03-16 10:35:00','2020-03-16 10:35:00'),(14,19,'Nissan','byke','xy','2020','OEM','12345','1','BBVWDJ','0 241 245 057',10,NULL,0,0,'0',NULL,NULL,'2020-03-16 10:35:01','2020-03-16 10:35:01'),(14,20,'Nissan','car','zx','2020','OES','123','1','WDJJD','0 241 309 505',5,NULL,0,0,'0',NULL,NULL,'2020-03-16 10:35:01','2020-03-16 10:35:01'),(14,21,'Nissan','byke','xy','2020','OEM','12345','1','BBVWDJ','884',10,NULL,0,0,'0',NULL,NULL,'2020-03-16 10:35:01','2020-03-16 10:35:01'),(14,22,'Nissan','car','zx','2020','OES','123','1','WDJJD','1',5,NULL,0,0,'0',NULL,NULL,'2020-03-16 10:35:01','2020-03-16 10:35:01'),(14,23,'Nissan','byke','xy','2020','OEM','12345','1','BBVWDJ','2',10,NULL,0,0,'0',NULL,NULL,'2020-03-16 10:35:01','2020-03-16 10:35:01'),(14,24,'Nissan','car','zx','2020','OES','123','1','WDJJD','3',5,NULL,0,0,'0',NULL,NULL,'2020-03-16 10:35:01','2020-03-16 10:35:01'),(14,25,'Nissan','byke','xy','2020','OEM','12345','1','BBVWDJ','4',10,NULL,0,0,'0',NULL,NULL,'2020-03-16 10:35:01','2020-03-16 10:35:01'),(14,26,'Nissan','car','zx','2020','OES','123','1','WDJJD','5',5,NULL,0,0,'0',NULL,NULL,'2020-03-16 10:35:01','2020-03-16 10:35:01'),(14,27,'Nissan','byke','xy','2020','OEM','12345','1','BBVWDJ','6',10,NULL,0,0,'0',NULL,NULL,'2020-03-16 10:35:01','2020-03-16 10:35:01'),(14,28,'Nissan','car','zx','2020','OES','123','1','WDJJD','7',5,NULL,0,0,'0',NULL,NULL,'2020-03-16 10:35:01','2020-03-16 10:35:01'),(14,29,'Nissan','byke','xy','2020','OEM','12345','1','BBVWDJ','8',10,NULL,0,0,'0',NULL,NULL,'2020-03-16 10:35:01','2020-03-16 10:35:01'),(14,30,'Nissan','car','zx','2020','OES','123','1','WDJJD','9',5,NULL,0,0,'0',NULL,NULL,'2020-03-16 10:35:01','2020-03-16 10:35:01'),(14,31,'Nissan','byke','xy','2020','OEM','12345','1','BBVWDJ','10',10,NULL,0,0,'0',NULL,NULL,'2020-03-16 10:35:01','2020-03-16 10:35:01'),(14,32,'Nissan','car','zx','2020','OES','123','1','WDJJD','11',5,NULL,0,0,'0',NULL,NULL,'2020-03-16 10:35:01','2020-03-16 10:35:01'),(14,33,'Nissan','byke','xy','2020','OEM','12345','1','BBVWDJ','12',10,NULL,0,0,'0',NULL,NULL,'2020-03-16 10:35:01','2020-03-16 10:35:01'),(14,34,'Nissan','car','zx','2020','OES','123','1','WDJJD','13',5,NULL,0,0,'0',NULL,NULL,'2020-03-16 10:35:01','2020-03-16 10:35:01'),(14,35,'Nissan','byke','xy','2020','OEM','12345','1','BBVWDJ','14',10,NULL,0,0,'0',NULL,NULL,'2020-03-16 10:35:01','2020-03-16 10:35:01'),(14,36,'Nissan','car','zx','2020','OES','123','1','WDJJD','15',5,NULL,0,0,'0',NULL,NULL,'2020-03-16 10:35:01','2020-03-16 10:35:01'),(14,37,'Nissan','byke','xy','2020','OEM','12345','1','BBVWDJ','16',10,NULL,0,0,'0',NULL,NULL,'2020-03-16 10:35:01','2020-03-16 10:35:01'),(14,38,'Nissan','car','zx','2020','OES','123','1','WDJJD','17',5,NULL,0,0,'0',NULL,NULL,'2020-03-16 10:35:01','2020-03-16 10:35:01'),(14,39,'Nissan','byke','xy','2020','OEM','12345','1','BBVWDJ','18',10,NULL,0,0,'0',NULL,NULL,'2020-03-16 10:35:01','2020-03-16 10:35:02'),(14,40,'Nissan','car','zx','2020','OES','123','1','WDJJD','19',5,NULL,0,0,'0',NULL,NULL,'2020-03-16 10:35:02','2020-03-16 10:35:02'),(14,41,'Nissan','byke','xy','2020','OEM','12345','1','BBVWDJ','20',10,NULL,0,0,'0',NULL,NULL,'2020-03-16 10:35:02','2020-03-16 10:35:02'),(14,42,'Nissan','car','zx','2020','OES','123','1','WDJJD','21',5,NULL,0,0,'0',NULL,NULL,'2020-03-16 10:35:02','2020-03-16 10:35:02'),(14,43,'Nissan','byke','xy','2020','OEM','12345','1','BBVWDJ','22',10,NULL,0,0,'0',NULL,NULL,'2020-03-16 10:35:02','2020-03-16 10:35:02'),(14,44,'Nissan','car','zx','2020','OES','123','1','WDJJD','23',5,NULL,0,0,'0',NULL,NULL,'2020-03-16 10:35:02','2020-03-16 10:35:02'),(14,45,'Nissan','byke','xy','2020','OEM','12345','1','BBVWDJ','24',10,NULL,0,0,'0',NULL,NULL,'2020-03-16 10:35:02','2020-03-16 10:35:02'),(14,46,'Nissan','car','zx','2020','OES','123','1','WDJJD','25',5,NULL,0,0,'0',NULL,NULL,'2020-03-16 10:35:02','2020-03-16 10:35:02'),(14,47,'Nissan','byke','xy','2020','OEM','12345','1','BBVWDJ','26',10,NULL,0,0,'0',NULL,NULL,'2020-03-16 10:35:02','2020-03-16 10:35:02'),(14,48,'Nissan','car','zx','2020','OES','123','1','WDJJD','27',5,NULL,0,0,'0',NULL,NULL,'2020-03-16 10:35:02','2020-03-16 10:35:02'),(14,49,'Nissan','byke','xy','2020','OEM','12345','1','BBVWDJ','28',10,NULL,0,0,'0',NULL,NULL,'2020-03-16 10:35:02','2020-03-16 10:35:02'),(14,50,'Nissan','car','zx','2020','OES','123','1','WDJJD','29',5,NULL,0,0,'0',NULL,NULL,'2020-03-16 10:35:02','2020-03-16 10:35:02'),(14,51,'Nissan','byke','xy','2020','OEM','12345','1','BBVWDJ','30',10,NULL,0,0,'0',NULL,NULL,'2020-03-16 10:35:02','2020-03-16 10:35:02'),(14,52,'Nissan','car','zx','2020','OES','123','1','WDJJD','31',5,NULL,0,0,'0',NULL,NULL,'2020-03-16 10:35:02','2020-03-16 10:35:02'),(14,53,'Nissan','byke','xy','2020','OEM','12345','1','BBVWDJ','32',10,NULL,0,0,'0',NULL,NULL,'2020-03-16 10:35:02','2020-03-16 10:35:02'),(14,54,'Nissan','car','zx','2020','OES','123','1','WDJJD','33',5,NULL,0,0,'0',NULL,NULL,'2020-03-16 10:35:02','2020-03-16 10:35:02'),(14,55,'Nissan','byke','xy','2020','OEM','12345','1','BBVWDJ','34',10,NULL,0,0,'0',NULL,NULL,'2020-03-16 10:35:02','2020-03-16 10:35:02'),(14,56,'Nissan','car','zx','2020','OES','123','1','WDJJD','35',5,NULL,0,0,'0',NULL,NULL,'2020-03-16 10:35:02','2020-03-16 10:35:02'),(14,57,'Nissan','byke','xy','2020','OEM','12345','1','BBVWDJ','36',10,NULL,0,0,'0',NULL,NULL,'2020-03-16 10:35:03','2020-03-16 10:35:03'),(14,58,'Nissan','car','zx','2020','OES','123','1','WDJJD','37',5,NULL,0,0,'0',NULL,NULL,'2020-03-16 10:35:03','2020-03-16 10:35:03'),(14,59,'Nissan','byke','xy','2020','OEM','12345','1','BBVWDJ','38',10,NULL,0,0,'0',NULL,NULL,'2020-03-16 10:35:03','2020-03-16 10:35:03'),(14,60,'Nissan','car','zx','2020','OES','123','1','WDJJD','39',5,NULL,0,0,'0',NULL,NULL,'2020-03-16 10:35:03','2020-03-16 10:35:03'),(14,61,'Nissan','byke','xy','2020','OEM','12345','1','BBVWDJ','40',10,NULL,0,0,'0',NULL,NULL,'2020-03-16 10:35:03','2020-03-16 10:35:03'),(14,62,'Nissan','car','zx','2020','OES','123','1','WDJJD','41',5,NULL,0,0,'0',NULL,NULL,'2020-03-16 10:35:03','2020-03-16 10:35:03'),(14,63,'Nissan','byke','xy','2020','OEM','12345','1','BBVWDJ','42',10,NULL,0,0,'0',NULL,NULL,'2020-03-16 10:35:03','2020-03-16 10:35:03'),(15,64,'Nissan','car','zx','2020','OES','123','1','Gomechanic','GM_SKU',5,490,2450,18,'2020-03-19',NULL,NULL,'2020-03-16 11:31:15','2020-03-16 11:31:15'),(15,65,'Nissan','byke','xy','2020','OEM','12345','1','HONDA_01','HONDA_01',10,2712,27119,18,'2020-03-19',NULL,NULL,'2020-03-16 11:31:15','2020-03-16 11:31:15'),(15,66,'Nissan','car','zx','2020','OES','123','1','HONDA_02','HONDA_02',5,3559,17797,18,'2020-03-19',NULL,NULL,'2020-03-16 11:31:16','2020-03-16 11:31:16'),(15,67,'Nissan','byke','xy','2020','OEM','12345','1','HONDA_03','HONDA_03',10,3200,32000,18,'2020-03-19',NULL,NULL,'2020-03-16 11:31:16','2020-03-16 11:31:16'),(15,68,'Nissan','car','zx','2020','OES','123','1','HONDA_04','HONDA_04',5,2712,13559,18,'2020-03-19',NULL,NULL,'2020-03-16 11:31:16','2020-03-16 11:31:16'),(15,69,'Nissan','byke','xy','2020','OEM','12345','1','hdrn','HONDA_04_hdrn2',10,500,5000,18,'2020-03-19',NULL,NULL,'2020-03-16 11:31:16','2020-03-16 11:31:16'),(15,70,'Nissan','car','zx','2020','OES','123','1','HONDA_05','HONDA_05',5,3814,19070,18,'2020-03-19',NULL,NULL,'2020-03-16 11:31:16','2020-03-16 11:31:16'),(15,71,'Nissan','byke','xy','2020','OEM','12345','1','mieone','HONDA_mieone',10,3559,35593,18,'2020-03-19',NULL,NULL,'2020-03-16 11:31:16','2020-03-16 11:31:16'),(15,72,'Nissan','car','zx','2020','OES','123','1','VISHNU','HONDA_VISH',5,450,2250,18,'2020-03-19',NULL,NULL,'2020-03-16 11:31:16','2020-03-16 11:31:16'),(15,73,'Nissan','byke','xy','2020','OEM','12345','1','HYUNDAI_01','HYUNDAI_01',10,4407,44068,18,'2020-03-19',NULL,NULL,'2020-03-16 11:31:16','2020-03-16 11:31:16'),(15,74,'Nissan','car','zx','2020','OES','123','1','NISSAN_01','NISSAN_01',5,0,0,18,'2020-03-19',NULL,NULL,'2020-03-16 11:31:16','2020-03-16 11:31:16'),(15,75,'Nissan','byke','xy','2020','OEM','12345','1','Mieone','Mieone_SKU',10,450,4500,18,'2020-03-19',NULL,NULL,'2020-03-16 11:31:16','2020-03-16 11:31:16'),(16,76,'Honda','car','zx','2020','OES','123','1','Gomechanic','GM_SKU',5,490,2450,18,'2020-03-24',NULL,NULL,'2020-03-16 12:33:40','2020-03-16 12:33:40'),(16,77,'Honda','byke','xy','2020','OEM','12345','1','HONDA_01','HONDA_01',10,2712,27119,18,'2020-03-24',NULL,NULL,'2020-03-16 12:33:41','2020-03-16 12:33:41'),(16,78,'Honda','car','zx','2020','OES','123','1','HONDA_02','HONDA_02',5,3559,17797,18,'2020-03-24',NULL,NULL,'2020-03-16 12:33:41','2020-03-16 12:33:41'),(16,79,'Honda','byke','xy','2020','OEM','12345','1','HONDA_03','HONDA_03',10,3200,32000,18,'2020-03-24',NULL,NULL,'2020-03-16 12:33:41','2020-03-16 12:33:41'),(16,80,'Honda','car','zx','2020','OES','123','1','HONDA_04','HONDA_04',5,2712,13559,18,'2020-03-24',NULL,NULL,'2020-03-16 12:33:41','2020-03-16 12:33:41'),(16,81,'Honda','byke','xy','2020','OEM','12345','1','HONDA_05','HONDA_05',10,3814,38140,18,'2020-03-24',NULL,NULL,'2020-03-16 12:33:41','2020-03-16 12:33:41'),(16,82,'Honda','car','zx','2020','OES','123','1','HONDA_06','HONDA_06',5,2712,13559,18,'2020-03-24',NULL,NULL,'2020-03-16 12:33:41','2020-03-16 12:33:41'),(16,83,'Honda','byke','xy','2020','OEM','12345','1','HONDA_07','HONDA_07',10,2712,27119,18,'2020-03-24',NULL,NULL,'2020-03-16 12:33:41','2020-03-16 12:33:41'),(16,84,'Honda','car','zx','2020','OES','123','1','HONDA_08','HONDA_08',5,2712,13559,18,'2020-03-24',NULL,NULL,'2020-03-16 12:33:41','2020-03-16 12:33:41'),(16,85,'Honda','byke','xy','2020','OEM','12345','1','HONDA_09','HONDA_09',10,2712,27119,18,'2020-03-24',NULL,NULL,'2020-03-16 12:33:41','2020-03-16 12:33:41'),(16,86,'Honda','car','zx','2020','OES','123','1','HONDA_10','HONDA_10',5,2712,13559,18,'2020-03-24',NULL,NULL,'2020-03-16 12:33:41','2020-03-16 12:33:41'),(16,87,'Honda','byke','xy','2020','OEM','12345','1','HONDA_11','HONDA_11',10,2712,27119,18,'2020-03-24',NULL,NULL,'2020-03-16 12:33:41','2020-03-16 12:33:41'),(16,88,'Honda','car','zx','2020','OES','123','1','HONDA_12','HONDA_12',5,2712,13559,18,'2020-03-24',NULL,NULL,'2020-03-16 12:33:41','2020-03-16 12:33:41'),(16,89,'Honda','byke','xy','2020','OEM','12345','1','HONDA_13','HONDA_13',10,2712,27119,18,'2020-03-24',NULL,NULL,'2020-03-16 12:33:41','2020-03-16 12:33:41'),(16,90,'Honda','car','zx','2020','OES','123','1','HONDA_14','HONDA_14',5,2712,13559,18,'2020-03-24',NULL,NULL,'2020-03-16 12:33:42','2020-03-16 12:33:42'),(16,91,'Honda','byke','xy','2020','OEM','12345','1','HONDA_15','HONDA_15',10,2712,27119,18,'2020-03-24',NULL,NULL,'2020-03-16 12:33:42','2020-03-16 12:33:42'),(16,92,'Honda','car','zx','2020','OES','123','1','HONDA_16','HONDA_16',5,2712,13559,18,'2020-03-24',NULL,NULL,'2020-03-16 12:33:42','2020-03-16 12:33:42'),(16,93,'Honda','byke','xy','2020','OEM','12345','1','HONDA_17','HONDA_17',10,2712,27119,18,'2020-03-24',NULL,NULL,'2020-03-16 12:33:42','2020-03-16 12:33:42'),(16,94,'Honda','car','zx','2020','OES','123','1','HONDA_18','HONDA_18',5,2712,13559,18,'2020-03-24',NULL,NULL,'2020-03-16 12:33:42','2020-03-16 12:33:42'),(16,95,'Honda','byke','xy','2020','OEM','12345','1','HONDA_19','HONDA_19',10,2712,27119,18,'2020-03-24',NULL,NULL,'2020-03-16 12:33:42','2020-03-16 12:33:42'),(16,96,'Honda','car','zx','2020','OES','123','1','HONDA_20','HONDA_20',5,2712,13559,18,'2020-03-24',NULL,NULL,'2020-03-16 12:33:42','2020-03-16 12:33:42'),(16,97,'Honda','byke','xy','2020','OEM','12345','1','HONDA_21','HONDA_21',10,2712,27119,18,'2020-03-24',NULL,NULL,'2020-03-16 12:33:42','2020-03-16 12:33:42'),(16,98,'Honda','car','zx','2020','OES','123','1','HONDA_22','HONDA_22',5,2712,13559,18,'2020-03-24',NULL,NULL,'2020-03-16 12:33:42','2020-03-16 12:33:42'),(16,99,'Honda','byke','xy','2020','OEM','12345','1','HONDA_23','HONDA_23',10,2712,27119,18,'2020-03-24',NULL,NULL,'2020-03-16 12:33:42','2020-03-16 12:33:42'),(16,100,'Honda','car','zx','2020','OES','123','1','HONDA_24','HONDA_24',5,2712,13559,18,'2020-03-24',NULL,NULL,'2020-03-16 12:33:42','2020-03-16 12:33:42'),(16,101,'Honda','byke','xy','2020','OEM','12345','1','HONDA_25','HONDA_25',10,2712,27119,18,'2020-03-24',NULL,NULL,'2020-03-16 12:33:42','2020-03-16 12:33:42'),(16,102,'Honda','car','zx','2020','OES','123','1','HONDA_26','HONDA_26',5,2712,13559,18,'2020-03-24',NULL,NULL,'2020-03-16 12:33:42','2020-03-16 12:33:42'),(16,103,'Honda','byke','xy','2020','OEM','12345','1','HONDA_27','HONDA_27',10,2712,27119,18,'2020-03-24',NULL,NULL,'2020-03-16 12:33:42','2020-03-16 12:33:42'),(16,104,'Honda','car','zx','2020','OES','123','1','HONDA_28','HONDA_28',5,2712,13559,18,'2020-03-24',NULL,NULL,'2020-03-16 12:33:42','2020-03-16 12:33:42'),(16,105,'Honda','byke','xy','2020','OEM','12345','1','HONDA_29','HONDA_29',10,2712,27119,18,'2020-03-24',NULL,NULL,'2020-03-16 12:33:42','2020-03-16 12:33:42'),(16,106,'Honda','car','zx','2020','OES','123','1','HONDA_30','HONDA_30',5,2712,13559,18,'2020-03-24',NULL,NULL,'2020-03-16 12:33:42','2020-03-16 12:33:42'),(16,107,'Honda','byke','xy','2020','OEM','12345','1','HONDA_31','HONDA_31',10,2712,27119,18,'2020-03-24',NULL,NULL,'2020-03-16 12:33:42','2020-03-16 12:33:42'),(16,108,'Honda','car','zx','2020','OES','123','1','HONDA_32','HONDA_32',5,2712,13559,18,'2020-03-24',NULL,NULL,'2020-03-16 12:33:42','2020-03-16 12:33:42'),(16,109,'Honda','byke','xy','2020','OEM','12345','1','HONDA_33','HONDA_33',10,2712,27119,18,'2020-03-24',NULL,NULL,'2020-03-16 12:33:42','2020-03-16 12:33:42'),(16,110,'Honda','car','zx','2020','OES','123','1','HONDA_34','HONDA_34',5,2712,13559,18,'2020-03-24',NULL,NULL,'2020-03-16 12:33:42','2020-03-16 12:33:42'),(16,111,'Honda','byke','xy','2020','OEM','12345','1','HONDA_35','HONDA_35',10,2712,27119,18,'2020-03-24',NULL,NULL,'2020-03-16 12:33:43','2020-03-16 12:33:43'),(16,112,'Honda','car','zx','2020','OES','123','1','HONDA_36','HONDA_36',5,2712,13559,18,'2020-03-24',NULL,NULL,'2020-03-16 12:33:43','2020-03-16 12:33:43'),(16,113,'Honda','byke','xy','2020','OEM','12345','1','HONDA_37','HONDA_37',10,2712,27119,18,'2020-03-24',NULL,NULL,'2020-03-16 12:33:43','2020-03-16 12:33:43'),(16,114,'Honda','car','zx','2020','OES','123','1','HONDA_38','HONDA_38',5,2712,13559,18,'2020-03-24',NULL,NULL,'2020-03-16 12:33:43','2020-03-16 12:33:43'),(16,115,'Honda','byke','xy','2020','OEM','12345','1','HONDA_39','HONDA_39',10,2712,27119,18,'2020-03-24',NULL,NULL,'2020-03-16 12:33:43','2020-03-16 12:33:43'),(16,116,'Honda','car','zx','2020','OES','123','1','HONDA_40','HONDA_40',5,2712,13559,18,'2020-03-24',NULL,NULL,'2020-03-16 12:33:43','2020-03-16 12:33:43'),(16,117,'Honda','byke','xy','2020','OEM','12345','1','HONDA_41','HONDA_41',10,2712,27119,18,'2020-03-24',NULL,NULL,'2020-03-16 12:33:43','2020-03-16 12:33:43'),(16,118,'Honda','car','zx','2020','OES','123','1','HONDA_42','HONDA_42',5,2712,13559,18,'2020-03-24',NULL,NULL,'2020-03-16 12:33:43','2020-03-16 12:33:43'),(16,119,'Honda','byke','xy','2020','OEM','12345','1','HONDA_43','HONDA_43',10,2712,27119,18,'2020-03-24',NULL,NULL,'2020-03-16 12:33:43','2020-03-16 12:33:43'),(16,120,'Honda','car','zx','2020','OES','123','1','HONDA_44','HONDA_44',5,2712,13559,18,'2020-03-24',NULL,NULL,'2020-03-16 12:33:43','2020-03-16 12:33:43'),(16,121,'Honda','byke','xy','2020','OEM','12345','1','HONDA_45','HONDA_45',10,2712,27119,18,'2020-03-24',NULL,NULL,'2020-03-16 12:33:43','2020-03-16 12:33:43'),(16,122,'Honda','car','zx','2020','OES','123','1','HONDA_46','HONDA_46',5,2712,13559,18,'2020-03-24',NULL,NULL,'2020-03-16 12:33:43','2020-03-16 12:33:43'),(16,123,'Honda','byke','xy','2020','OEM','12345','1','HONDA_47','HONDA_47',10,2712,27119,18,'2020-03-24',NULL,NULL,'2020-03-16 12:33:43','2020-03-16 12:33:43'),(16,124,'Honda','car','zx','2020','OES','123','1','HONDA_48','HONDA_48',5,2712,13559,18,'2020-03-24',NULL,NULL,'2020-03-16 12:33:43','2020-03-16 12:33:43'),(16,125,'Honda','byke','xy','2020','OEM','12345','1','HONDA_49','HONDA_49',10,2712,27119,18,'2020-03-24',NULL,NULL,'2020-03-16 12:33:43','2020-03-16 12:33:43'),(16,126,'Honda','car','zx','2020','OES','123','1','HONDA_50','HONDA_50',5,2712,13559,18,'2020-03-24',NULL,NULL,'2020-03-16 12:33:43','2020-03-16 12:33:43'),(16,127,'Honda','byke','xy','2020','OEM','12345','1','HONDA_51','HONDA_51',10,2712,27119,18,'2020-03-24',NULL,NULL,'2020-03-16 12:33:43','2020-03-16 12:33:43'),(16,128,'Honda','car','zx','2020','OES','123','1','HONDA_52','HONDA_52',5,2712,13559,18,'2020-03-24',NULL,NULL,'2020-03-16 12:33:43','2020-03-16 12:33:43'),(16,129,'Honda','byke','xy','2020','OEM','12345','1','HONDA_53','HONDA_53',10,2712,27119,18,'2020-03-24',NULL,NULL,'2020-03-16 12:33:43','2020-03-16 12:33:43'),(16,130,'Honda','car','zx','2020','OES','123','1','HONDA_54','HONDA_54',5,2712,13559,18,'2020-03-24',NULL,NULL,'2020-03-16 12:33:43','2020-03-16 12:33:43'),(16,131,'Honda','byke','xy','2020','OEM','12345','1','HONDA_55','HONDA_55',10,2712,27119,18,'2020-03-24',NULL,NULL,'2020-03-16 12:33:44','2020-03-16 12:33:44'),(16,132,'Honda','car','zx','2020','OES','123','1','HONDA_56','HONDA_56',5,2712,13559,18,'2020-03-24',NULL,NULL,'2020-03-16 12:33:44','2020-03-16 12:33:44'),(16,133,'Honda','byke','xy','2020','OEM','12345','1','HONDA_57','HONDA_57',10,2712,27119,18,'2020-03-24',NULL,NULL,'2020-03-16 12:33:44','2020-03-16 12:33:44'),(16,134,'Honda','car','zx','2020','OES','123','1','HONDA_58','HONDA_58',5,2712,13559,18,'2020-03-24',NULL,NULL,'2020-03-16 12:33:44','2020-03-16 12:33:44'),(16,135,'Honda','byke','xy','2020','OEM','12345','1','HONDA_59','HONDA_59',10,2712,27119,18,'2020-03-24',NULL,NULL,'2020-03-16 12:33:44','2020-03-16 12:33:44'),(16,136,'Honda','car','zx','2020','OES','123','1','HONDA_60','HONDA_60',5,2712,13559,18,'2020-03-24',NULL,NULL,'2020-03-16 12:33:44','2020-03-16 12:33:44'),(16,137,'Honda','byke','xy','2020','OEM','12345','1','HONDA_61','HONDA_61',10,2712,27119,18,'2020-03-24',NULL,NULL,'2020-03-16 12:33:44','2020-03-16 12:33:44'),(16,138,'Honda','car','zx','2020','OES','123','1','HONDA_62','HONDA_62',5,2712,13559,18,'2020-03-24',NULL,NULL,'2020-03-16 12:33:44','2020-03-16 12:33:44'),(16,139,'Honda','byke','xy','2020','OEM','12345','1','HONDA_63','HONDA_63',10,2712,27119,18,'2020-03-24',NULL,NULL,'2020-03-16 12:33:44','2020-03-16 12:33:44'),(16,140,'Honda','car','zx','2020','OES','123','1','HONDA_64','HONDA_64',5,2712,13559,18,'2020-03-24',NULL,NULL,'2020-03-16 12:33:44','2020-03-16 12:33:44'),(16,141,'Honda','byke','xy','2020','OEM','12345','1','HONDA_65','HONDA_65',10,2712,27119,18,'2020-03-24',NULL,NULL,'2020-03-16 12:33:44','2020-03-16 12:33:44'),(16,142,'Honda','car','zx','2020','OES','123','1','HONDA_66','HONDA_66',5,2712,13559,18,'2020-03-24',NULL,NULL,'2020-03-16 12:33:44','2020-03-16 12:33:44'),(16,143,'Honda','byke','xy','2020','OEM','12345','1','HONDA_67','HONDA_67',10,2712,27119,18,'2020-03-24',NULL,NULL,'2020-03-16 12:33:44','2020-03-16 12:33:44'),(16,144,'Honda','car','zx','2020','OES','123','1','HONDA_68','HONDA_68',5,2712,13559,18,'2020-03-24',NULL,NULL,'2020-03-16 12:33:44','2020-03-16 12:33:44'),(16,145,'Honda','byke','xy','2020','OEM','12345','1','HONDA_69','HONDA_69',10,2712,27119,18,'2020-03-24',NULL,NULL,'2020-03-16 12:33:44','2020-03-16 12:33:44'),(16,146,'Honda','car','zx','2020','OES','123','1','HONDA_70','HONDA_70',5,2712,13559,18,'2020-03-24',NULL,NULL,'2020-03-16 12:33:44','2020-03-16 12:33:44'),(16,147,'Honda','byke','xy','2020','OEM','12345','1','HONDA_71','HONDA_71',10,2712,27119,18,'2020-03-24',NULL,NULL,'2020-03-16 12:33:44','2020-03-16 12:33:44'),(16,148,'Honda','car','zx','2020','OES','123','1','HONDA_72','HONDA_72',5,2712,13559,18,'2020-03-24',NULL,NULL,'2020-03-16 12:33:45','2020-03-16 12:33:45'),(16,149,'Honda','byke','xy','2020','OEM','12345','1','HONDA_73','HONDA_73',10,2712,27119,18,'2020-03-24',NULL,NULL,'2020-03-16 12:33:45','2020-03-16 12:33:45'),(16,150,'Honda','car','zx','2020','OES','123','1','HONDA_74','HONDA_74',5,2712,13559,18,'2020-03-24',NULL,NULL,'2020-03-16 12:33:45','2020-03-16 12:33:45'),(16,151,'Honda','byke','xy','2020','OEM','12345','1','HONDA_75','HONDA_75',10,2712,27119,18,'2020-03-24',NULL,NULL,'2020-03-16 12:33:45','2020-03-16 12:33:45'),(16,152,'Honda','car','zx','2020','OES','123','1','HONDA_76','HONDA_76',5,2712,13559,18,'2020-03-24',NULL,NULL,'2020-03-16 12:33:45','2020-03-16 12:33:45'),(16,153,'Honda','byke','xy','2020','OEM','12345','1','HONDA_77','HONDA_77',10,2712,27119,18,'2020-03-24',NULL,NULL,'2020-03-16 12:33:45','2020-03-16 12:33:45'),(16,154,'Honda','car','zx','2020','OES','123','1','HONDA_78','HONDA_78',5,2712,13559,18,'2020-03-24',NULL,NULL,'2020-03-16 12:33:45','2020-03-16 12:33:45'),(16,155,'Honda','byke','xy','2020','OEM','12345','1','HONDA_79','HONDA_79',10,2712,27119,18,'2020-03-24',NULL,NULL,'2020-03-16 12:33:45','2020-03-16 12:33:45'),(16,156,'Honda','car','zx','2020','OES','123','1','HONDA_80','HONDA_80',5,2712,13559,18,'2020-03-24',NULL,NULL,'2020-03-16 12:33:45','2020-03-16 12:33:45'),(16,157,'Honda','byke','xy','2020','OEM','12345','1','HONDA_81','HONDA_81',10,2712,27119,18,'2020-03-24',NULL,NULL,'2020-03-16 12:33:45','2020-03-16 12:33:45'),(16,158,'Honda','car','zx','2020','OES','123','1','HONDA_82','HONDA_82',5,2712,13559,18,'2020-03-24',NULL,NULL,'2020-03-16 12:33:45','2020-03-16 12:33:45'),(16,159,'Honda','byke','xy','2020','OEM','12345','1','HONDA_83','HONDA_83',10,2712,27119,18,'2020-03-24',NULL,NULL,'2020-03-16 12:33:45','2020-03-16 12:33:45'),(16,160,'Honda','car','zx','2020','OES','123','1','HONDA_84','HONDA_84',5,2712,13559,18,'2020-03-24',NULL,NULL,'2020-03-16 12:33:45','2020-03-16 12:33:45'),(16,161,'Honda','byke','xy','2020','OEM','12345','1','HONDA_85','HONDA_85',10,2712,27119,18,'2020-03-24',NULL,NULL,'2020-03-16 12:33:45','2020-03-16 12:33:45'),(16,162,'Honda','car','zx','2020','OES','123','1','HONDA_86','HONDA_86',5,2712,13559,18,'2020-03-24',NULL,NULL,'2020-03-16 12:33:45','2020-03-16 12:33:45'),(16,163,'Honda','byke','xy','2020','OEM','12345','1','HONDA_87','HONDA_87',10,2712,27119,18,'2020-03-24',NULL,NULL,'2020-03-16 12:33:45','2020-03-16 12:33:45'),(16,164,'Honda','car','zx','2020','OES','123','1','HONDA_88','HONDA_88',5,2712,13559,18,'2020-03-24',NULL,NULL,'2020-03-16 12:33:45','2020-03-16 12:33:45'),(16,165,'Honda','byke','xy','2020','OEM','12345','1','HONDA_89','HONDA_89',10,2712,27119,18,'2020-03-24',NULL,NULL,'2020-03-16 12:33:46','2020-03-16 12:33:46'),(16,166,'Honda','car','zx','2020','OES','123','1','HONDA_90','HONDA_90',5,2712,13559,18,'2020-03-24',NULL,NULL,'2020-03-16 12:33:46','2020-03-16 12:33:46'),(16,167,'Honda','byke','xy','2020','OEM','12345','1','HONDA_91','HONDA_91',10,2712,27119,18,'2020-03-24',NULL,NULL,'2020-03-16 12:33:46','2020-03-16 12:33:46'),(16,168,'Honda','car','zx','2020','OES','123','1','HONDA_92','HONDA_92',5,2712,13559,18,'2020-03-24',NULL,NULL,'2020-03-16 12:33:46','2020-03-16 12:33:46'),(16,169,'Honda','byke','xy','2020','OEM','12345','1','HONDA_93','HONDA_93',10,2712,27119,18,'2020-03-24',NULL,NULL,'2020-03-16 12:33:46','2020-03-16 12:33:46'),(16,170,'Honda','car','zx','2020','OES','123','1','HONDA_94','HONDA_94',5,2712,13559,18,'2020-03-24',NULL,NULL,'2020-03-16 12:33:46','2020-03-16 12:33:46'),(16,171,'Honda','byke','xy','2020','OEM','12345','1','HONDA_95','HONDA_95',10,2712,27119,18,'2020-03-24',NULL,NULL,'2020-03-16 12:33:46','2020-03-16 12:33:46'),(17,172,'Honda','car','zx','2020','OES','123','1','Gomechanic','GM_SKU',5,490,2450,18,'2020-03-20',NULL,NULL,'2020-03-16 12:46:08','2020-03-16 12:46:08'),(17,173,'Honda','byke','xy','2020','OEM','12345','1','HONDA_01','HONDA_01',10,2712,27119,18,'2020-03-20',NULL,NULL,'2020-03-16 12:46:08','2020-03-16 12:46:08'),(17,174,'Honda','car','zx','2020','OES','123','1','HONDA_02','HONDA_02',5,3559,17797,18,'2020-03-20',NULL,NULL,'2020-03-16 12:46:08','2020-03-16 12:46:08'),(17,175,'Honda','byke','xy','2020','OEM','12345','1','HONDA_03','HONDA_03',10,3200,32000,18,'2020-03-20',NULL,NULL,'2020-03-16 12:46:08','2020-03-16 12:46:08'),(17,176,'Honda','car','zx','2020','OES','123','1','HONDA_04','HONDA_04',5,2712,13559,18,'2020-03-20',NULL,NULL,'2020-03-16 12:46:08','2020-03-16 12:46:08'),(17,177,'Honda','byke','xy','2020','OEM','12345','1','HONDA_05','HONDA_05',10,3814,38140,18,'2020-03-20',NULL,NULL,'2020-03-16 12:46:08','2020-03-16 12:46:08'),(17,178,'Honda','car','zx','2020','OES','123','1','HONDA_06','HONDA_06',5,2712,13559,18,'2020-03-20',NULL,NULL,'2020-03-16 12:46:08','2020-03-16 12:46:08'),(17,179,'Honda','byke','xy','2020','OEM','12345','1','HONDA_07','HONDA_07',10,2712,27119,18,'2020-03-20',NULL,NULL,'2020-03-16 12:46:08','2020-03-16 12:46:08'),(17,180,'Honda','car','zx','2020','OES','123','1','HONDA_08','HONDA_08',5,2712,13559,18,'2020-03-20',NULL,NULL,'2020-03-16 12:46:08','2020-03-16 12:46:08'),(17,181,'Honda','byke','xy','2020','OEM','12345','1','HONDA_09','HONDA_09',10,2712,27119,18,'2020-03-20',NULL,NULL,'2020-03-16 12:46:08','2020-03-16 12:46:08'),(17,182,'Honda','car','zx','2020','OES','123','1','HONDA_10','HONDA_10',5,2712,13559,18,'2020-03-20',NULL,NULL,'2020-03-16 12:46:08','2020-03-16 12:46:08'),(17,183,'Honda','byke','xy','2020','OEM','12345','1','HONDA_11','HONDA_11',10,2712,27119,18,'2020-03-20',NULL,NULL,'2020-03-16 12:46:08','2020-03-16 12:46:08'),(17,184,'Honda','car','zx','2020','OES','123','1','HONDA_12','HONDA_12',5,2712,13559,18,'2020-03-20',NULL,NULL,'2020-03-16 12:46:08','2020-03-16 12:46:08'),(17,185,'Honda','byke','xy','2020','OEM','12345','1','HONDA_13','HONDA_13',10,2712,27119,18,'2020-03-20',NULL,NULL,'2020-03-16 12:46:08','2020-03-16 12:46:08'),(17,186,'Honda','car','zx','2020','OES','123','1','HONDA_14','HONDA_14',5,2712,13559,18,'2020-03-20',NULL,NULL,'2020-03-16 12:46:08','2020-03-16 12:46:08'),(17,187,'Honda','byke','xy','2020','OEM','12345','1','HONDA_15','HONDA_15',10,2712,27119,18,'2020-03-20',NULL,NULL,'2020-03-16 12:46:09','2020-03-16 12:46:09'),(17,188,'Honda','car','zx','2020','OES','123','1','HONDA_16','HONDA_16',5,2712,13559,18,'2020-03-20',NULL,NULL,'2020-03-16 12:46:09','2020-03-16 12:46:09'),(17,189,'Honda','byke','xy','2020','OEM','12345','1','HONDA_17','HONDA_17',10,2712,27119,18,'2020-03-20',NULL,NULL,'2020-03-16 12:46:09','2020-03-16 12:46:09'),(17,190,'Honda','car','zx','2020','OES','123','1','HONDA_18','HONDA_18',5,2712,13559,18,'2020-03-20',NULL,NULL,'2020-03-16 12:46:09','2020-03-16 12:46:09'),(17,191,'Honda','byke','xy','2020','OEM','12345','1','HONDA_19','HONDA_19',10,2712,27119,18,'2020-03-20',NULL,NULL,'2020-03-16 12:46:09','2020-03-16 12:46:09'),(17,192,'Honda','car','zx','2020','OES','123','1','HONDA_20','HONDA_20',5,2712,13559,18,'2020-03-20',NULL,NULL,'2020-03-16 12:46:09','2020-03-16 12:46:09'),(17,193,'Honda','byke','xy','2020','OEM','12345','1','HONDA_21','HONDA_21',10,2712,27119,18,'2020-03-20',NULL,NULL,'2020-03-16 12:46:09','2020-03-16 12:46:09'),(17,194,'Honda','car','zx','2020','OES','123','1','HONDA_22','HONDA_22',5,2712,13559,18,'2020-03-20',NULL,NULL,'2020-03-16 12:46:09','2020-03-16 12:46:09'),(17,195,'Honda','byke','xy','2020','OEM','12345','1','HONDA_23','HONDA_23',10,2712,27119,18,'2020-03-20',NULL,NULL,'2020-03-16 12:46:09','2020-03-16 12:46:09'),(17,196,'Honda','car','zx','2020','OES','123','1','HONDA_24','HONDA_24',5,2712,13559,18,'2020-03-20',NULL,NULL,'2020-03-16 12:46:09','2020-03-16 12:46:09'),(17,197,'Honda','byke','xy','2020','OEM','12345','1','HONDA_25','HONDA_25',10,2712,27119,18,'2020-03-20',NULL,NULL,'2020-03-16 12:46:09','2020-03-16 12:46:09'),(17,198,'Honda','car','zx','2020','OES','123','1','HONDA_26','HONDA_26',5,2712,13559,18,'2020-03-20',NULL,NULL,'2020-03-16 12:46:09','2020-03-16 12:46:09'),(17,199,'Honda','byke','xy','2020','OEM','12345','1','HONDA_27','HONDA_27',10,2712,27119,18,'2020-03-20',NULL,NULL,'2020-03-16 12:46:09','2020-03-16 12:46:09'),(17,200,'Honda','car','zx','2020','OES','123','1','HONDA_28','HONDA_28',5,2712,13559,18,'2020-03-20',NULL,NULL,'2020-03-16 12:46:09','2020-03-16 12:46:09'),(17,201,'Honda','byke','xy','2020','OEM','12345','1','HONDA_29','HONDA_29',10,2712,27119,18,'2020-03-20',NULL,NULL,'2020-03-16 12:46:10','2020-03-16 12:46:10'),(17,202,'Honda','car','zx','2020','OES','123','1','HONDA_30','HONDA_30',5,2712,13559,18,'2020-03-20',NULL,NULL,'2020-03-16 12:46:10','2020-03-16 12:46:10'),(17,203,'Honda','byke','xy','2020','OEM','12345','1','HONDA_31','HONDA_31',10,2712,27119,18,'2020-03-20',NULL,NULL,'2020-03-16 12:46:10','2020-03-16 12:46:10'),(17,204,'Honda','car','zx','2020','OES','123','1','HONDA_32','HONDA_32',5,2712,13559,18,'2020-03-20',NULL,NULL,'2020-03-16 12:46:10','2020-03-16 12:46:10'),(17,205,'Honda','byke','xy','2020','OEM','12345','1','HONDA_33','HONDA_33',10,2712,27119,18,'2020-03-20',NULL,NULL,'2020-03-16 12:46:10','2020-03-16 12:46:10'),(17,206,'Honda','car','zx','2020','OES','123','1','HONDA_34','HONDA_34',5,2712,13559,18,'2020-03-20',NULL,NULL,'2020-03-16 12:46:10','2020-03-16 12:46:10'),(17,207,'Honda','byke','xy','2020','OEM','12345','1','HONDA_35','HONDA_35',10,2712,27119,18,'2020-03-20',NULL,NULL,'2020-03-16 12:46:10','2020-03-16 12:46:10'),(17,208,'Honda','car','zx','2020','OES','123','1','HONDA_36','HONDA_36',5,2712,13559,18,'2020-03-20',NULL,NULL,'2020-03-16 12:46:10','2020-03-16 12:46:10'),(17,209,'Honda','byke','xy','2020','OEM','12345','1','HONDA_37','HONDA_37',10,2712,27119,18,'2020-03-20',NULL,NULL,'2020-03-16 12:46:10','2020-03-16 12:46:10'),(17,210,'Honda','car','zx','2020','OES','123','1','HONDA_38','HONDA_38',5,2712,13559,18,'2020-03-20',NULL,NULL,'2020-03-16 12:46:10','2020-03-16 12:46:10'),(17,211,'Honda','byke','xy','2020','OEM','12345','1','HONDA_39','HONDA_39',10,2712,27119,18,'2020-03-20',NULL,NULL,'2020-03-16 12:46:10','2020-03-16 12:46:10'),(17,212,'Honda','car','zx','2020','OES','123','1','HONDA_40','HONDA_40',5,2712,13559,18,'2020-03-20',NULL,NULL,'2020-03-16 12:46:10','2020-03-16 12:46:10'),(17,213,'Honda','byke','xy','2020','OEM','12345','1','HONDA_41','HONDA_41',10,2712,27119,18,'2020-03-20',NULL,NULL,'2020-03-16 12:46:10','2020-03-16 12:46:10'),(17,214,'Honda','car','zx','2020','OES','123','1','HONDA_42','HONDA_42',5,2712,13559,18,'2020-03-20',NULL,NULL,'2020-03-16 12:46:10','2020-03-16 12:46:10'),(17,215,'Honda','byke','xy','2020','OEM','12345','1','HONDA_43','HONDA_43',10,2712,27119,18,'2020-03-20',NULL,NULL,'2020-03-16 12:46:10','2020-03-16 12:46:10'),(17,216,'Honda','car','zx','2020','OES','123','1','HONDA_44','HONDA_44',5,2712,13559,18,'2020-03-20',NULL,NULL,'2020-03-16 12:46:10','2020-03-16 12:46:10'),(17,217,'Honda','byke','xy','2020','OEM','12345','1','HONDA_45','HONDA_45',10,2712,27119,18,'2020-03-20',NULL,NULL,'2020-03-16 12:46:11','2020-03-16 12:46:11'),(17,218,'Honda','car','zx','2020','OES','123','1','HONDA_46','HONDA_46',5,2712,13559,18,'2020-03-20',NULL,NULL,'2020-03-16 12:46:11','2020-03-16 12:46:11'),(17,219,'Honda','byke','xy','2020','OEM','12345','1','HONDA_47','HONDA_47',10,2712,27119,18,'2020-03-20',NULL,NULL,'2020-03-16 12:46:11','2020-03-16 12:46:11'),(17,220,'Honda','car','zx','2020','OES','123','1','HONDA_48','HONDA_48',5,2712,13559,18,'2020-03-20',NULL,NULL,'2020-03-16 12:46:11','2020-03-16 12:46:11'),(17,221,'Honda','byke','xy','2020','OEM','12345','1','HONDA_49','HONDA_49',10,2712,27119,18,'2020-03-20',NULL,NULL,'2020-03-16 12:46:11','2020-03-16 12:46:11'),(17,222,'Honda','car','zx','2020','OES','123','1','HONDA_50','HONDA_50',5,2712,13559,18,'2020-03-20',NULL,NULL,'2020-03-16 12:46:11','2020-03-16 12:46:11'),(17,223,'Honda','byke','xy','2020','OEM','12345','1','HONDA_51','HONDA_51',10,2712,27119,18,'2020-03-20',NULL,NULL,'2020-03-16 12:46:11','2020-03-16 12:46:11'),(17,224,'Honda','car','zx','2020','OES','123','1','HONDA_52','HONDA_52',5,2712,13559,18,'2020-03-20',NULL,NULL,'2020-03-16 12:46:11','2020-03-16 12:46:11'),(17,225,'Honda','byke','xy','2020','OEM','12345','1','HONDA_53','HONDA_53',10,2712,27119,18,'2020-03-20',NULL,NULL,'2020-03-16 12:46:11','2020-03-16 12:46:11'),(17,226,'Honda','car','zx','2020','OES','123','1','HONDA_54','HONDA_54',5,2712,13559,18,'2020-03-20',NULL,NULL,'2020-03-16 12:46:11','2020-03-16 12:46:11'),(17,227,'Honda','byke','xy','2020','OEM','12345','1','HONDA_55','HONDA_55',10,2712,27119,18,'2020-03-20',NULL,NULL,'2020-03-16 12:46:11','2020-03-16 12:46:11'),(17,228,'Honda','car','zx','2020','OES','123','1','HONDA_56','HONDA_56',5,2712,13559,18,'2020-03-20',NULL,NULL,'2020-03-16 12:46:11','2020-03-16 12:46:11'),(17,229,'Honda','byke','xy','2020','OEM','12345','1','HONDA_57','HONDA_57',10,2712,27119,18,'2020-03-20',NULL,NULL,'2020-03-16 12:46:11','2020-03-16 12:46:11'),(17,230,'Honda','car','zx','2020','OES','123','1','HONDA_58','HONDA_58',5,2712,13559,18,'2020-03-20',NULL,NULL,'2020-03-16 12:46:11','2020-03-16 12:46:11'),(17,231,'Honda','byke','xy','2020','OEM','12345','1','HONDA_59','HONDA_59',10,2712,27119,18,'2020-03-20',NULL,NULL,'2020-03-16 12:46:12','2020-03-16 12:46:12'),(17,232,'Honda','car','zx','2020','OES','123','1','HONDA_60','HONDA_60',5,2712,13559,18,'2020-03-20',NULL,NULL,'2020-03-16 12:46:12','2020-03-16 12:46:12'),(17,233,'Honda','byke','xy','2020','OEM','12345','1','HONDA_61','HONDA_61',10,2712,27119,18,'2020-03-20',NULL,NULL,'2020-03-16 12:46:12','2020-03-16 12:46:12'),(17,234,'Honda','car','zx','2020','OES','123','1','HONDA_62','HONDA_62',5,2712,13559,18,'2020-03-20',NULL,NULL,'2020-03-16 12:46:12','2020-03-16 12:46:12'),(17,235,'Honda','byke','xy','2020','OEM','12345','1','HONDA_63','HONDA_63',10,2712,27119,18,'2020-03-20',NULL,NULL,'2020-03-16 12:46:12','2020-03-16 12:46:12'),(17,236,'Honda','car','zx','2020','OES','123','1','HONDA_64','HONDA_64',5,2712,13559,18,'2020-03-20',NULL,NULL,'2020-03-16 12:46:12','2020-03-16 12:46:12'),(17,237,'Honda','byke','xy','2020','OEM','12345','1','HONDA_65','HONDA_65',10,2712,27119,18,'2020-03-20',NULL,NULL,'2020-03-16 12:46:12','2020-03-16 12:46:12'),(17,238,'Honda','car','zx','2020','OES','123','1','HONDA_66','HONDA_66',5,2712,13559,18,'2020-03-20',NULL,NULL,'2020-03-16 12:46:12','2020-03-16 12:46:12'),(17,239,'Honda','byke','xy','2020','OEM','12345','1','HONDA_67','HONDA_67',10,2712,27119,18,'2020-03-20',NULL,NULL,'2020-03-16 12:46:12','2020-03-16 12:46:12'),(17,240,'Honda','car','zx','2020','OES','123','1','HONDA_68','HONDA_68',5,2712,13559,18,'2020-03-20',NULL,NULL,'2020-03-16 12:46:12','2020-03-16 12:46:12'),(17,241,'Honda','byke','xy','2020','OEM','12345','1','HONDA_69','HONDA_69',10,2712,27119,18,'2020-03-20',NULL,NULL,'2020-03-16 12:46:12','2020-03-16 12:46:12'),(17,242,'Honda','car','zx','2020','OES','123','1','HONDA_70','HONDA_70',5,2712,13559,18,'2020-03-20',NULL,NULL,'2020-03-16 12:46:12','2020-03-16 12:46:12'),(17,243,'Honda','byke','xy','2020','OEM','12345','1','HONDA_71','HONDA_71',10,2712,27119,18,'2020-03-20',NULL,NULL,'2020-03-16 12:46:12','2020-03-16 12:46:12'),(17,244,'Honda','car','zx','2020','OES','123','1','HONDA_72','HONDA_72',5,2712,13559,18,'2020-03-20',NULL,NULL,'2020-03-16 12:46:12','2020-03-16 12:46:12'),(17,245,'Honda','byke','xy','2020','OEM','12345','1','HONDA_73','HONDA_73',10,2712,27119,18,'2020-03-20',NULL,NULL,'2020-03-16 12:46:12','2020-03-16 12:46:12'),(17,246,'Honda','car','zx','2020','OES','123','1','HONDA_74','HONDA_74',5,2712,13559,18,'2020-03-20',NULL,NULL,'2020-03-16 12:46:13','2020-03-16 12:46:13'),(17,247,'Honda','byke','xy','2020','OEM','12345','1','HONDA_75','HONDA_75',10,2712,27119,18,'2020-03-20',NULL,NULL,'2020-03-16 12:46:13','2020-03-16 12:46:13'),(17,248,'Honda','car','zx','2020','OES','123','1','HONDA_76','HONDA_76',5,2712,13559,18,'2020-03-20',NULL,NULL,'2020-03-16 12:46:13','2020-03-16 12:46:13'),(17,249,'Honda','byke','xy','2020','OEM','12345','1','HONDA_77','HONDA_77',10,2712,27119,18,'2020-03-20',NULL,NULL,'2020-03-16 12:46:13','2020-03-16 12:46:13'),(17,250,'Honda','car','zx','2020','OES','123','1','HONDA_78','HONDA_78',5,2712,13559,18,'2020-03-20',NULL,NULL,'2020-03-16 12:46:13','2020-03-16 12:46:13'),(17,251,'Honda','byke','xy','2020','OEM','12345','1','HONDA_79','HONDA_79',10,2712,27119,18,'2020-03-20',NULL,NULL,'2020-03-16 12:46:13','2020-03-16 12:46:13'),(17,252,'Honda','car','zx','2020','OES','123','1','HONDA_80','HONDA_80',5,2712,13559,18,'2020-03-20',NULL,NULL,'2020-03-16 12:46:13','2020-03-16 12:46:13'),(17,253,'Honda','byke','xy','2020','OEM','12345','1','HONDA_81','HONDA_81',10,2712,27119,18,'2020-03-20',NULL,NULL,'2020-03-16 12:46:13','2020-03-16 12:46:13'),(17,254,'Honda','car','zx','2020','OES','123','1','HONDA_82','HONDA_82',5,2712,13559,18,'2020-03-20',NULL,NULL,'2020-03-16 12:46:13','2020-03-16 12:46:13'),(17,255,'Honda','byke','xy','2020','OEM','12345','1','HONDA_83','HONDA_83',10,2712,27119,18,'2020-03-20',NULL,NULL,'2020-03-16 12:46:13','2020-03-16 12:46:13'),(17,256,'Honda','car','zx','2020','OES','123','1','HONDA_84','HONDA_84',5,2712,13559,18,'2020-03-20',NULL,NULL,'2020-03-16 12:46:13','2020-03-16 12:46:13'),(17,257,'Honda','byke','xy','2020','OEM','12345','1','HONDA_85','HONDA_85',10,2712,27119,18,'2020-03-20',NULL,NULL,'2020-03-16 12:46:13','2020-03-16 12:46:13'),(17,258,'Honda','car','zx','2020','OES','123','1','HONDA_86','HONDA_86',5,2712,13559,18,'2020-03-20',NULL,NULL,'2020-03-16 12:46:13','2020-03-16 12:46:13'),(17,259,'Honda','byke','xy','2020','OEM','12345','1','HONDA_87','HONDA_87',10,2712,27119,18,'2020-03-20',NULL,NULL,'2020-03-16 12:46:13','2020-03-16 12:46:13'),(17,260,'Honda','car','zx','2020','OES','123','1','HONDA_88','HONDA_88',5,2712,13559,18,'2020-03-20',NULL,NULL,'2020-03-16 12:46:13','2020-03-16 12:46:13'),(17,261,'Honda','byke','xy','2020','OEM','12345','1','HONDA_89','HONDA_89',10,2712,27119,18,'2020-03-20',NULL,NULL,'2020-03-16 12:46:13','2020-03-16 12:46:13'),(17,262,'Honda','car','zx','2020','OES','123','1','HONDA_90','HONDA_90',5,2712,13559,18,'2020-03-20',NULL,NULL,'2020-03-16 12:46:13','2020-03-16 12:46:13'),(17,263,'Honda','byke','xy','2020','OEM','12345','1','HONDA_91','HONDA_91',10,2712,27119,18,'2020-03-20',NULL,NULL,'2020-03-16 12:46:14','2020-03-16 12:46:14'),(17,264,'Honda','car','zx','2020','OES','123','1','HONDA_92','HONDA_92',5,2712,13559,18,'2020-03-20',NULL,NULL,'2020-03-16 12:46:14','2020-03-16 12:46:14'),(17,265,'Honda','byke','xy','2020','OEM','12345','1','HONDA_93','HONDA_93',10,2712,27119,18,'2020-03-20',NULL,NULL,'2020-03-16 12:46:14','2020-03-16 12:46:14'),(17,266,'Honda','car','zx','2020','OES','123','1','HONDA_94','HONDA_94',5,2712,13559,18,'2020-03-20',NULL,NULL,'2020-03-16 12:46:14','2020-03-16 12:46:14'),(17,267,'Honda','byke','xy','2020','OEM','12345','1','HONDA_95','HONDA_95',10,2712,27119,18,'2020-03-20',NULL,NULL,'2020-03-16 12:46:14','2020-03-16 12:46:14'),(18,268,'Honda','car','zx','2020','OES','123','1','Gomechanic','GM_SKU',5,490,2450,18,'2020-03-21',NULL,NULL,'2020-03-16 12:59:18','2020-03-16 12:59:18'),(18,269,'Honda','byke','xy','2020','OEM','12345','1','HONDA_01','HONDA_01',10,2712,27119,18,'2020-03-21',NULL,NULL,'2020-03-16 12:59:18','2020-03-16 12:59:18'),(18,270,'Honda','car','zx','2020','OES','123','1','HONDA_02','HONDA_02',5,3559,17797,18,'2020-03-21',NULL,NULL,'2020-03-16 12:59:18','2020-03-16 12:59:18'),(18,271,'Honda','byke','xy','2020','OEM','12345','1','HONDA_03','HONDA_03',10,3200,32000,18,'2020-03-21',NULL,NULL,'2020-03-16 12:59:18','2020-03-16 12:59:18'),(18,272,'Honda','car','zx','2020','OES','123','1','HONDA_04','HONDA_04',5,2712,13559,18,'2020-03-21',NULL,NULL,'2020-03-16 12:59:18','2020-03-16 12:59:18'),(18,273,'Honda','byke','xy','2020','OEM','12345','1','HONDA_05','HONDA_05',10,3814,38140,18,'2020-03-21',NULL,NULL,'2020-03-16 12:59:18','2020-03-16 12:59:18'),(18,274,'Honda','car','zx','2020','OES','123','1','HONDA_06','HONDA_06',5,2712,13559,18,'2020-03-21',NULL,NULL,'2020-03-16 12:59:18','2020-03-16 12:59:18'),(18,275,'Honda','byke','xy','2020','OEM','12345','1','HONDA_07','HONDA_07',10,2712,27119,18,'2020-03-21',NULL,NULL,'2020-03-16 12:59:18','2020-03-16 12:59:18'),(18,276,'Honda','car','zx','2020','OES','123','1','HONDA_08','HONDA_08',5,2712,13559,18,'2020-03-21',NULL,NULL,'2020-03-16 12:59:18','2020-03-16 12:59:18'),(18,277,'Honda','byke','xy','2020','OEM','12345','1','HONDA_09','HONDA_09',10,2712,27119,18,'2020-03-21',NULL,NULL,'2020-03-16 12:59:18','2020-03-16 12:59:18'),(18,278,'Honda','car','zx','2020','OES','123','1','HONDA_10','HONDA_10',5,2712,13559,18,'2020-03-21',NULL,NULL,'2020-03-16 12:59:18','2020-03-16 12:59:18'),(18,279,'Honda','byke','xy','2020','OEM','12345','1','HONDA_11','HONDA_11',10,2712,27119,18,'2020-03-21',NULL,NULL,'2020-03-16 12:59:18','2020-03-16 12:59:18'),(18,280,'Honda','car','zx','2020','OES','123','1','HONDA_12','HONDA_12',5,2712,13559,18,'2020-03-21',NULL,NULL,'2020-03-16 12:59:18','2020-03-16 12:59:18'),(18,281,'Honda','byke','xy','2020','OEM','12345','1','HONDA_13','HONDA_13',10,2712,27119,18,'2020-03-21',NULL,NULL,'2020-03-16 12:59:18','2020-03-16 12:59:18'),(18,282,'Honda','car','zx','2020','OES','123','1','HONDA_14','HONDA_14',5,2712,13559,18,'2020-03-21',NULL,NULL,'2020-03-16 12:59:19','2020-03-16 12:59:19'),(18,283,'Honda','byke','xy','2020','OEM','12345','1','HONDA_15','HONDA_15',10,2712,27119,18,'2020-03-21',NULL,NULL,'2020-03-16 12:59:19','2020-03-16 12:59:19'),(18,284,'Honda','car','zx','2020','OES','123','1','HONDA_16','HONDA_16',5,2712,13559,18,'2020-03-21',NULL,NULL,'2020-03-16 12:59:19','2020-03-16 12:59:19'),(18,285,'Honda','byke','xy','2020','OEM','12345','1','HONDA_17','HONDA_17',10,2712,27119,18,'2020-03-21',NULL,NULL,'2020-03-16 12:59:19','2020-03-16 12:59:19'),(18,286,'Honda','car','zx','2020','OES','123','1','HONDA_18','HONDA_18',5,2712,13559,18,'2020-03-21',NULL,NULL,'2020-03-16 12:59:19','2020-03-16 12:59:19'),(18,287,'Honda','byke','xy','2020','OEM','12345','1','HONDA_19','HONDA_19',10,2712,27119,18,'2020-03-21',NULL,NULL,'2020-03-16 12:59:19','2020-03-16 12:59:19'),(18,288,'Honda','car','zx','2020','OES','123','1','HONDA_20','HONDA_20',5,2712,13559,18,'2020-03-21',NULL,NULL,'2020-03-16 12:59:19','2020-03-16 12:59:19'),(18,289,'Honda','byke','xy','2020','OEM','12345','1','HONDA_21','HONDA_21',10,2712,27119,18,'2020-03-21',NULL,NULL,'2020-03-16 12:59:19','2020-03-16 12:59:19'),(18,290,'Honda','car','zx','2020','OES','123','1','HONDA_22','HONDA_22',5,2712,13559,18,'2020-03-21',NULL,NULL,'2020-03-16 12:59:19','2020-03-16 12:59:19'),(18,291,'Honda','byke','xy','2020','OEM','12345','1','HONDA_23','HONDA_23',10,2712,27119,18,'2020-03-21',NULL,NULL,'2020-03-16 12:59:19','2020-03-16 12:59:19'),(18,292,'Honda','car','zx','2020','OES','123','1','HONDA_24','HONDA_24',5,2712,13559,18,'2020-03-21',NULL,NULL,'2020-03-16 12:59:19','2020-03-16 12:59:19'),(18,293,'Honda','byke','xy','2020','OEM','12345','1','HONDA_25','HONDA_25',10,2712,27119,18,'2020-03-21',NULL,NULL,'2020-03-16 12:59:19','2020-03-16 12:59:19'),(18,294,'Honda','car','zx','2020','OES','123','1','HONDA_26','HONDA_26',5,2712,13559,18,'2020-03-21',NULL,NULL,'2020-03-16 12:59:19','2020-03-16 12:59:19'),(18,295,'Honda','byke','xy','2020','OEM','12345','1','HONDA_27','HONDA_27',10,2712,27119,18,'2020-03-21',NULL,NULL,'2020-03-16 12:59:19','2020-03-16 12:59:19'),(18,296,'Honda','car','zx','2020','OES','123','1','HONDA_28','HONDA_28',5,2712,13559,18,'2020-03-21',NULL,NULL,'2020-03-16 12:59:19','2020-03-16 12:59:19'),(18,297,'Honda','byke','xy','2020','OEM','12345','1','HONDA_29','HONDA_29',10,2712,27119,18,'2020-03-21',NULL,NULL,'2020-03-16 12:59:19','2020-03-16 12:59:19'),(18,298,'Honda','car','zx','2020','OES','123','1','HONDA_30','HONDA_30',5,2712,13559,18,'2020-03-21',NULL,NULL,'2020-03-16 12:59:20','2020-03-16 12:59:20'),(18,299,'Honda','byke','xy','2020','OEM','12345','1','HONDA_31','HONDA_31',10,2712,27119,18,'2020-03-21',NULL,NULL,'2020-03-16 12:59:20','2020-03-16 12:59:20'),(18,300,'Honda','car','zx','2020','OES','123','1','HONDA_32','HONDA_32',5,2712,13559,18,'2020-03-21',NULL,NULL,'2020-03-16 12:59:20','2020-03-16 12:59:20'),(18,301,'Honda','byke','xy','2020','OEM','12345','1','HONDA_33','HONDA_33',10,2712,27119,18,'2020-03-21',NULL,NULL,'2020-03-16 12:59:20','2020-03-16 12:59:20'),(18,302,'Honda','car','zx','2020','OES','123','1','HONDA_34','HONDA_34',5,2712,13559,18,'2020-03-21',NULL,NULL,'2020-03-16 12:59:20','2020-03-16 12:59:20'),(18,303,'Honda','byke','xy','2020','OEM','12345','1','HONDA_35','HONDA_35',10,2712,27119,18,'2020-03-21',NULL,NULL,'2020-03-16 12:59:20','2020-03-16 12:59:20'),(18,304,'Honda','car','zx','2020','OES','123','1','HONDA_36','HONDA_36',5,2712,13559,18,'2020-03-21',NULL,NULL,'2020-03-16 12:59:20','2020-03-16 12:59:20'),(18,305,'Honda','byke','xy','2020','OEM','12345','1','HONDA_37','HONDA_37',10,2712,27119,18,'2020-03-21',NULL,NULL,'2020-03-16 12:59:20','2020-03-16 12:59:20'),(18,306,'Honda','car','zx','2020','OES','123','1','HONDA_38','HONDA_38',5,2712,13559,18,'2020-03-21',NULL,NULL,'2020-03-16 12:59:20','2020-03-16 12:59:20'),(18,307,'Honda','byke','xy','2020','OEM','12345','1','HONDA_39','HONDA_39',10,2712,27119,18,'2020-03-21',NULL,NULL,'2020-03-16 12:59:20','2020-03-16 12:59:20'),(18,308,'Honda','car','zx','2020','OES','123','1','HONDA_40','HONDA_40',5,2712,13559,18,'2020-03-21',NULL,NULL,'2020-03-16 12:59:20','2020-03-16 12:59:20'),(18,309,'Honda','byke','xy','2020','OEM','12345','1','HONDA_41','HONDA_41',10,2712,27119,18,'2020-03-21',NULL,NULL,'2020-03-16 12:59:20','2020-03-16 12:59:20'),(18,310,'Honda','car','zx','2020','OES','123','1','HONDA_42','HONDA_42',5,2712,13559,18,'2020-03-21',NULL,NULL,'2020-03-16 12:59:20','2020-03-16 12:59:20'),(18,311,'Honda','byke','xy','2020','OEM','12345','1','HONDA_43','HONDA_43',10,2712,27119,18,'2020-03-21',NULL,NULL,'2020-03-16 12:59:20','2020-03-16 12:59:20'),(18,312,'Honda','car','zx','2020','OES','123','1','HONDA_44','HONDA_44',5,2712,13559,18,'2020-03-21',NULL,NULL,'2020-03-16 12:59:21','2020-03-16 12:59:21'),(18,313,'Honda','byke','xy','2020','OEM','12345','1','HONDA_45','HONDA_45',10,2712,27119,18,'2020-03-21',NULL,NULL,'2020-03-16 12:59:21','2020-03-16 12:59:21'),(18,314,'Honda','car','zx','2020','OES','123','1','HONDA_46','HONDA_46',5,2712,13559,18,'2020-03-21',NULL,NULL,'2020-03-16 12:59:21','2020-03-16 12:59:21'),(18,315,'Honda','byke','xy','2020','OEM','12345','1','HONDA_47','HONDA_47',10,2712,27119,18,'2020-03-21',NULL,NULL,'2020-03-16 12:59:21','2020-03-16 12:59:21'),(18,316,'Honda','car','zx','2020','OES','123','1','HONDA_48','HONDA_48',5,2712,13559,18,'2020-03-21',NULL,NULL,'2020-03-16 12:59:21','2020-03-16 12:59:21'),(18,317,'Honda','byke','xy','2020','OEM','12345','1','HONDA_49','HONDA_49',10,2712,27119,18,'2020-03-21',NULL,NULL,'2020-03-16 12:59:21','2020-03-16 12:59:21'),(18,318,'Honda','car','zx','2020','OES','123','1','HONDA_50','HONDA_50',5,2712,13559,18,'2020-03-21',NULL,NULL,'2020-03-16 12:59:21','2020-03-16 12:59:21'),(18,319,'Honda','byke','xy','2020','OEM','12345','1','HONDA_51','HONDA_51',10,2712,27119,18,'2020-03-21',NULL,NULL,'2020-03-16 12:59:21','2020-03-16 12:59:21'),(18,320,'Honda','car','zx','2020','OES','123','1','HONDA_52','HONDA_52',5,2712,13559,18,'2020-03-21',NULL,NULL,'2020-03-16 12:59:21','2020-03-16 12:59:21'),(18,321,'Honda','byke','xy','2020','OEM','12345','1','HONDA_53','HONDA_53',10,2712,27119,18,'2020-03-21',NULL,NULL,'2020-03-16 12:59:21','2020-03-16 12:59:21'),(18,322,'Honda','car','zx','2020','OES','123','1','HONDA_54','HONDA_54',5,2712,13559,18,'2020-03-21',NULL,NULL,'2020-03-16 12:59:21','2020-03-16 12:59:21'),(18,323,'Honda','byke','xy','2020','OEM','12345','1','HONDA_55','HONDA_55',10,2712,27119,18,'2020-03-21',NULL,NULL,'2020-03-16 12:59:21','2020-03-16 12:59:21'),(18,324,'Honda','car','zx','2020','OES','123','1','HONDA_56','HONDA_56',5,2712,13559,18,'2020-03-21',NULL,NULL,'2020-03-16 12:59:21','2020-03-16 12:59:21'),(18,325,'Honda','byke','xy','2020','OEM','12345','1','HONDA_57','HONDA_57',10,2712,27119,18,'2020-03-21',NULL,NULL,'2020-03-16 12:59:21','2020-03-16 12:59:21'),(18,326,'Honda','car','zx','2020','OES','123','1','HONDA_58','HONDA_58',5,2712,13559,18,'2020-03-21',NULL,NULL,'2020-03-16 12:59:22','2020-03-16 12:59:22'),(18,327,'Honda','byke','xy','2020','OEM','12345','1','HONDA_59','HONDA_59',10,2712,27119,18,'2020-03-21',NULL,NULL,'2020-03-16 12:59:22','2020-03-16 12:59:22'),(18,328,'Honda','car','zx','2020','OES','123','1','HONDA_60','HONDA_60',5,2712,13559,18,'2020-03-21',NULL,NULL,'2020-03-16 12:59:22','2020-03-16 12:59:22'),(18,329,'Honda','byke','xy','2020','OEM','12345','1','HONDA_61','HONDA_61',10,2712,27119,18,'2020-03-21',NULL,NULL,'2020-03-16 12:59:22','2020-03-16 12:59:22'),(18,330,'Honda','car','zx','2020','OES','123','1','HONDA_62','HONDA_62',5,2712,13559,18,'2020-03-21',NULL,NULL,'2020-03-16 12:59:22','2020-03-16 12:59:22'),(18,331,'Honda','byke','xy','2020','OEM','12345','1','HONDA_63','HONDA_63',10,2712,27119,18,'2020-03-21',NULL,NULL,'2020-03-16 12:59:22','2020-03-16 12:59:22'),(18,332,'Honda','car','zx','2020','OES','123','1','HONDA_64','HONDA_64',5,2712,13559,18,'2020-03-21',NULL,NULL,'2020-03-16 12:59:22','2020-03-16 12:59:22'),(18,333,'Honda','byke','xy','2020','OEM','12345','1','HONDA_65','HONDA_65',10,2712,27119,18,'2020-03-21',NULL,NULL,'2020-03-16 12:59:22','2020-03-16 12:59:22'),(18,334,'Honda','car','zx','2020','OES','123','1','HONDA_66','HONDA_66',5,2712,13559,18,'2020-03-21',NULL,NULL,'2020-03-16 12:59:22','2020-03-16 12:59:22'),(18,335,'Honda','byke','xy','2020','OEM','12345','1','HONDA_67','HONDA_67',10,2712,27119,18,'2020-03-21',NULL,NULL,'2020-03-16 12:59:22','2020-03-16 12:59:22'),(18,336,'Honda','car','zx','2020','OES','123','1','HONDA_68','HONDA_68',5,2712,13559,18,'2020-03-21',NULL,NULL,'2020-03-16 12:59:22','2020-03-16 12:59:22'),(18,337,'Honda','byke','xy','2020','OEM','12345','1','HONDA_69','HONDA_69',10,2712,27119,18,'2020-03-21',NULL,NULL,'2020-03-16 12:59:22','2020-03-16 12:59:22'),(18,338,'Honda','car','zx','2020','OES','123','1','HONDA_70','HONDA_70',5,2712,13559,18,'2020-03-21',NULL,NULL,'2020-03-16 12:59:22','2020-03-16 12:59:22'),(18,339,'Honda','byke','xy','2020','OEM','12345','1','HONDA_71','HONDA_71',10,2712,27119,18,'2020-03-21',NULL,NULL,'2020-03-16 12:59:22','2020-03-16 12:59:22'),(18,340,'Honda','car','zx','2020','OES','123','1','HONDA_72','HONDA_72',5,2712,13559,18,'2020-03-21',NULL,NULL,'2020-03-16 12:59:22','2020-03-16 12:59:22'),(18,341,'Honda','byke','xy','2020','OEM','12345','1','HONDA_73','HONDA_73',10,2712,27119,18,'2020-03-21',NULL,NULL,'2020-03-16 12:59:22','2020-03-16 12:59:22'),(18,342,'Honda','car','zx','2020','OES','123','1','HONDA_74','HONDA_74',5,2712,13559,18,'2020-03-21',NULL,NULL,'2020-03-16 12:59:22','2020-03-16 12:59:22'),(18,343,'Honda','byke','xy','2020','OEM','12345','1','HONDA_75','HONDA_75',10,2712,27119,18,'2020-03-21',NULL,NULL,'2020-03-16 12:59:23','2020-03-16 12:59:23'),(18,344,'Honda','car','zx','2020','OES','123','1','HONDA_76','HONDA_76',5,2712,13559,18,'2020-03-21',NULL,NULL,'2020-03-16 12:59:23','2020-03-16 12:59:23'),(18,345,'Honda','byke','xy','2020','OEM','12345','1','HONDA_77','HONDA_77',10,2712,27119,18,'2020-03-21',NULL,NULL,'2020-03-16 12:59:23','2020-03-16 12:59:23'),(18,346,'Honda','car','zx','2020','OES','123','1','HONDA_78','HONDA_78',5,2712,13559,18,'2020-03-21',NULL,NULL,'2020-03-16 12:59:23','2020-03-16 12:59:23'),(18,347,'Honda','byke','xy','2020','OEM','12345','1','HONDA_79','HONDA_79',10,2712,27119,18,'2020-03-21',NULL,NULL,'2020-03-16 12:59:23','2020-03-16 12:59:23'),(18,348,'Honda','car','zx','2020','OES','123','1','HONDA_80','HONDA_80',5,2712,13559,18,'2020-03-21',NULL,NULL,'2020-03-16 12:59:23','2020-03-16 12:59:23'),(18,349,'Honda','byke','xy','2020','OEM','12345','1','HONDA_81','HONDA_81',10,2712,27119,18,'2020-03-21',NULL,NULL,'2020-03-16 12:59:23','2020-03-16 12:59:23'),(18,350,'Honda','car','zx','2020','OES','123','1','HONDA_82','HONDA_82',5,2712,13559,18,'2020-03-21',NULL,NULL,'2020-03-16 12:59:23','2020-03-16 12:59:23'),(18,351,'Honda','byke','xy','2020','OEM','12345','1','HONDA_83','HONDA_83',10,2712,27119,18,'2020-03-21',NULL,NULL,'2020-03-16 12:59:23','2020-03-16 12:59:23'),(18,352,'Honda','car','zx','2020','OES','123','1','HONDA_84','HONDA_84',5,2712,13559,18,'2020-03-21',NULL,NULL,'2020-03-16 12:59:23','2020-03-16 12:59:23'),(18,353,'Honda','byke','xy','2020','OEM','12345','1','HONDA_85','HONDA_85',10,2712,27119,18,'2020-03-21',NULL,NULL,'2020-03-16 12:59:23','2020-03-16 12:59:23'),(18,354,'Honda','car','zx','2020','OES','123','1','HONDA_86','HONDA_86',5,2712,13559,18,'2020-03-21',NULL,NULL,'2020-03-16 12:59:23','2020-03-16 12:59:23'),(18,355,'Honda','byke','xy','2020','OEM','12345','1','HONDA_87','HONDA_87',10,2712,27119,18,'2020-03-21',NULL,NULL,'2020-03-16 12:59:23','2020-03-16 12:59:23'),(18,356,'Honda','car','zx','2020','OES','123','1','HONDA_88','HONDA_88',5,2712,13559,18,'2020-03-21',NULL,NULL,'2020-03-16 12:59:23','2020-03-16 12:59:23'),(18,357,'Honda','byke','xy','2020','OEM','12345','1','HONDA_89','HONDA_89',10,2712,27119,18,'2020-03-21',NULL,NULL,'2020-03-16 12:59:23','2020-03-16 12:59:23'),(18,358,'Honda','car','zx','2020','OES','123','1','HONDA_90','HONDA_90',5,2712,13559,18,'2020-03-21',NULL,NULL,'2020-03-16 12:59:23','2020-03-16 12:59:23'),(18,359,'Honda','byke','xy','2020','OEM','12345','1','HONDA_91','HONDA_91',10,2712,27119,18,'2020-03-21',NULL,NULL,'2020-03-16 12:59:23','2020-03-16 12:59:23'),(18,360,'Honda','car','zx','2020','OES','123','1','HONDA_92','HONDA_92',5,2712,13559,18,'2020-03-21',NULL,NULL,'2020-03-16 12:59:23','2020-03-16 12:59:23'),(18,361,'Honda','byke','xy','2020','OEM','12345','1','HONDA_93','HONDA_93',10,2712,27119,18,'2020-03-21',NULL,NULL,'2020-03-16 12:59:24','2020-03-16 12:59:24'),(18,362,'Honda','car','zx','2020','OES','123','1','HONDA_94','HONDA_94',5,2712,13559,18,'2020-03-21',NULL,NULL,'2020-03-16 12:59:24','2020-03-16 12:59:24'),(18,363,'Honda','byke','xy','2020','OEM','12345','1','HONDA_95','HONDA_95',10,2712,27119,18,'2020-03-21',NULL,NULL,'2020-03-16 12:59:24','2020-03-16 12:59:24'),(19,364,'Honda','car','zx','2020','OES','123','1','Gomechanic','GM_SKU',5,490,2450,18,'2020-03-22',NULL,NULL,'2020-03-16 13:00:39','2020-03-16 13:00:39'),(19,365,'Honda','byke','xy','2020','OEM','12345','1','HONDA_01','HONDA_01',10,2712,27119,18,'2020-03-22',NULL,NULL,'2020-03-16 13:00:39','2020-03-16 13:00:39'),(19,366,'Honda','car','zx','2020','OES','123','1','HONDA_02','HONDA_02',5,3559,17797,18,'2020-03-22',NULL,NULL,'2020-03-16 13:00:39','2020-03-16 13:00:39'),(19,367,'Honda','byke','xy','2020','OEM','12345','1','HONDA_03','HONDA_03',10,3200,32000,18,'2020-03-22',NULL,NULL,'2020-03-16 13:00:39','2020-03-16 13:00:39'),(19,368,'Honda','car','zx','2020','OES','123','1','HONDA_04','HONDA_04',5,2712,13559,18,'2020-03-22',NULL,NULL,'2020-03-16 13:00:39','2020-03-16 13:00:39'),(19,369,'Honda','byke','xy','2020','OEM','12345','1','HONDA_05','HONDA_05',10,3814,38140,18,'2020-03-22',NULL,NULL,'2020-03-16 13:00:39','2020-03-16 13:00:39'),(19,370,'Honda','car','zx','2020','OES','123','1','HONDA_06','HONDA_06',5,2712,13559,18,'2020-03-22',NULL,NULL,'2020-03-16 13:00:39','2020-03-16 13:00:39'),(19,371,'Honda','byke','xy','2020','OEM','12345','1','HONDA_07','HONDA_07',10,2712,27119,18,'2020-03-22',NULL,NULL,'2020-03-16 13:00:39','2020-03-16 13:00:39'),(19,372,'Honda','car','zx','2020','OES','123','1','HONDA_08','HONDA_08',5,2712,13559,18,'2020-03-22',NULL,NULL,'2020-03-16 13:00:39','2020-03-16 13:00:39'),(19,373,'Honda','byke','xy','2020','OEM','12345','1','HONDA_09','HONDA_09',10,2712,27119,18,'2020-03-22',NULL,NULL,'2020-03-16 13:00:39','2020-03-16 13:00:39'),(19,374,'Honda','car','zx','2020','OES','123','1','HONDA_10','HONDA_10',5,2712,13559,18,'2020-03-22',NULL,NULL,'2020-03-16 13:00:39','2020-03-16 13:00:39'),(19,375,'Honda','byke','xy','2020','OEM','12345','1','HONDA_11','HONDA_11',10,2712,27119,18,'2020-03-22',NULL,NULL,'2020-03-16 13:00:39','2020-03-16 13:00:39'),(19,376,'Honda','car','zx','2020','OES','123','1','HONDA_12','HONDA_12',5,2712,13559,18,'2020-03-22',NULL,NULL,'2020-03-16 13:00:39','2020-03-16 13:00:39'),(19,377,'Honda','byke','xy','2020','OEM','12345','1','HONDA_13','HONDA_13',10,2712,27119,18,'2020-03-22',NULL,NULL,'2020-03-16 13:00:40','2020-03-16 13:00:40'),(19,378,'Honda','car','zx','2020','OES','123','1','HONDA_14','HONDA_14',5,2712,13559,18,'2020-03-22',NULL,NULL,'2020-03-16 13:00:40','2020-03-16 13:00:40'),(19,379,'Honda','byke','xy','2020','OEM','12345','1','HONDA_15','HONDA_15',10,2712,27119,18,'2020-03-22',NULL,NULL,'2020-03-16 13:00:40','2020-03-16 13:00:40'),(19,380,'Honda','car','zx','2020','OES','123','1','HONDA_16','HONDA_16',5,2712,13559,18,'2020-03-22',NULL,NULL,'2020-03-16 13:00:40','2020-03-16 13:00:40'),(19,381,'Honda','byke','xy','2020','OEM','12345','1','HONDA_17','HONDA_17',10,2712,27119,18,'2020-03-22',NULL,NULL,'2020-03-16 13:00:40','2020-03-16 13:00:40'),(19,382,'Honda','car','zx','2020','OES','123','1','HONDA_18','HONDA_18',5,2712,13559,18,'2020-03-22',NULL,NULL,'2020-03-16 13:00:40','2020-03-16 13:00:40'),(19,383,'Honda','byke','xy','2020','OEM','12345','1','HONDA_19','HONDA_19',10,2712,27119,18,'2020-03-22',NULL,NULL,'2020-03-16 13:00:40','2020-03-16 13:00:40'),(19,384,'Honda','car','zx','2020','OES','123','1','HONDA_20','HONDA_20',5,2712,13559,18,'2020-03-22',NULL,NULL,'2020-03-16 13:00:40','2020-03-16 13:00:40'),(19,385,'Honda','byke','xy','2020','OEM','12345','1','HONDA_21','HONDA_21',10,2712,27119,18,'2020-03-22',NULL,NULL,'2020-03-16 13:00:40','2020-03-16 13:00:40'),(19,386,'Honda','car','zx','2020','OES','123','1','HONDA_22','HONDA_22',5,2712,13559,18,'2020-03-22',NULL,NULL,'2020-03-16 13:00:40','2020-03-16 13:00:40'),(19,387,'Honda','byke','xy','2020','OEM','12345','1','HONDA_23','HONDA_23',10,2712,27119,18,'2020-03-22',NULL,NULL,'2020-03-16 13:00:40','2020-03-16 13:00:40'),(19,388,'Honda','car','zx','2020','OES','123','1','HONDA_24','HONDA_24',5,2712,13559,18,'2020-03-22',NULL,NULL,'2020-03-16 13:00:40','2020-03-16 13:00:40'),(19,389,'Honda','byke','xy','2020','OEM','12345','1','HONDA_25','HONDA_25',10,2712,27119,18,'2020-03-22',NULL,NULL,'2020-03-16 13:00:40','2020-03-16 13:00:40'),(19,390,'Honda','car','zx','2020','OES','123','1','HONDA_26','HONDA_26',5,2712,13559,18,'2020-03-22',NULL,NULL,'2020-03-16 13:00:40','2020-03-16 13:00:40'),(19,391,'Honda','byke','xy','2020','OEM','12345','1','HONDA_27','HONDA_27',10,2712,27119,18,'2020-03-22',NULL,NULL,'2020-03-16 13:00:41','2020-03-16 13:00:41'),(19,392,'Honda','car','zx','2020','OES','123','1','HONDA_28','HONDA_28',5,2712,13559,18,'2020-03-22',NULL,NULL,'2020-03-16 13:00:41','2020-03-16 13:00:41'),(19,393,'Honda','byke','xy','2020','OEM','12345','1','HONDA_29','HONDA_29',10,2712,27119,18,'2020-03-22',NULL,NULL,'2020-03-16 13:00:41','2020-03-16 13:00:41'),(19,394,'Honda','car','zx','2020','OES','123','1','HONDA_30','HONDA_30',5,2712,13559,18,'2020-03-22',NULL,NULL,'2020-03-16 13:00:41','2020-03-16 13:00:41'),(19,395,'Honda','byke','xy','2020','OEM','12345','1','HONDA_31','HONDA_31',10,2712,27119,18,'2020-03-22',NULL,NULL,'2020-03-16 13:00:41','2020-03-16 13:00:41'),(19,396,'Honda','car','zx','2020','OES','123','1','HONDA_32','HONDA_32',5,2712,13559,18,'2020-03-22',NULL,NULL,'2020-03-16 13:00:41','2020-03-16 13:00:41'),(19,397,'Honda','byke','xy','2020','OEM','12345','1','HONDA_33','HONDA_33',10,2712,27119,18,'2020-03-22',NULL,NULL,'2020-03-16 13:00:41','2020-03-16 13:00:41'),(19,398,'Honda','car','zx','2020','OES','123','1','HONDA_34','HONDA_34',5,2712,13559,18,'2020-03-22',NULL,NULL,'2020-03-16 13:00:41','2020-03-16 13:00:41'),(19,399,'Honda','byke','xy','2020','OEM','12345','1','HONDA_35','HONDA_35',10,2712,27119,18,'2020-03-22',NULL,NULL,'2020-03-16 13:00:41','2020-03-16 13:00:41'),(19,400,'Honda','car','zx','2020','OES','123','1','HONDA_36','HONDA_36',5,2712,13559,18,'2020-03-22',NULL,NULL,'2020-03-16 13:00:41','2020-03-16 13:00:41'),(19,401,'Honda','byke','xy','2020','OEM','12345','1','HONDA_37','HONDA_37',10,2712,27119,18,'2020-03-22',NULL,NULL,'2020-03-16 13:00:41','2020-03-16 13:00:41'),(19,402,'Honda','car','zx','2020','OES','123','1','HONDA_38','HONDA_38',5,2712,13559,18,'2020-03-22',NULL,NULL,'2020-03-16 13:00:41','2020-03-16 13:00:41'),(19,403,'Honda','byke','xy','2020','OEM','12345','1','HONDA_39','HONDA_39',10,2712,27119,18,'2020-03-22',NULL,NULL,'2020-03-16 13:00:41','2020-03-16 13:00:41'),(19,404,'Honda','car','zx','2020','OES','123','1','HONDA_40','HONDA_40',5,2712,13559,18,'2020-03-22',NULL,NULL,'2020-03-16 13:00:41','2020-03-16 13:00:41'),(19,405,'Honda','byke','xy','2020','OEM','12345','1','HONDA_41','HONDA_41',10,2712,27119,18,'2020-03-22',NULL,NULL,'2020-03-16 13:00:41','2020-03-16 13:00:41'),(19,406,'Honda','car','zx','2020','OES','123','1','HONDA_42','HONDA_42',5,2712,13559,18,'2020-03-22',NULL,NULL,'2020-03-16 13:00:41','2020-03-16 13:00:41'),(19,407,'Honda','byke','xy','2020','OEM','12345','1','HONDA_43','HONDA_43',10,2712,27119,18,'2020-03-22',NULL,NULL,'2020-03-16 13:00:41','2020-03-16 13:00:41'),(19,408,'Honda','car','zx','2020','OES','123','1','HONDA_44','HONDA_44',5,2712,13559,18,'2020-03-22',NULL,NULL,'2020-03-16 13:00:42','2020-03-16 13:00:42'),(19,409,'Honda','byke','xy','2020','OEM','12345','1','HONDA_45','HONDA_45',10,2712,27119,18,'2020-03-22',NULL,NULL,'2020-03-16 13:00:42','2020-03-16 13:00:42'),(19,410,'Honda','car','zx','2020','OES','123','1','HONDA_46','HONDA_46',5,2712,13559,18,'2020-03-22',NULL,NULL,'2020-03-16 13:00:42','2020-03-16 13:00:42'),(19,411,'Honda','byke','xy','2020','OEM','12345','1','HONDA_47','HONDA_47',10,2712,27119,18,'2020-03-22',NULL,NULL,'2020-03-16 13:00:42','2020-03-16 13:00:42'),(19,412,'Honda','car','zx','2020','OES','123','1','HONDA_48','HONDA_48',5,2712,13559,18,'2020-03-22',NULL,NULL,'2020-03-16 13:00:42','2020-03-16 13:00:42'),(19,413,'Honda','byke','xy','2020','OEM','12345','1','HONDA_49','HONDA_49',10,2712,27119,18,'2020-03-22',NULL,NULL,'2020-03-16 13:00:42','2020-03-16 13:00:42'),(19,414,'Honda','car','zx','2020','OES','123','1','HONDA_50','HONDA_50',5,2712,13559,18,'2020-03-22',NULL,NULL,'2020-03-16 13:00:42','2020-03-16 13:00:42'),(19,415,'Honda','byke','xy','2020','OEM','12345','1','HONDA_51','HONDA_51',10,2712,27119,18,'2020-03-22',NULL,NULL,'2020-03-16 13:00:42','2020-03-16 13:00:42'),(19,416,'Honda','car','zx','2020','OES','123','1','HONDA_52','HONDA_52',5,2712,13559,18,'2020-03-22',NULL,NULL,'2020-03-16 13:00:42','2020-03-16 13:00:42'),(19,417,'Honda','byke','xy','2020','OEM','12345','1','HONDA_53','HONDA_53',10,2712,27119,18,'2020-03-22',NULL,NULL,'2020-03-16 13:00:42','2020-03-16 13:00:42'),(19,418,'Honda','car','zx','2020','OES','123','1','HONDA_54','HONDA_54',5,2712,13559,18,'2020-03-22',NULL,NULL,'2020-03-16 13:00:42','2020-03-16 13:00:42'),(19,419,'Honda','byke','xy','2020','OEM','12345','1','HONDA_55','HONDA_55',10,2712,27119,18,'2020-03-22',NULL,NULL,'2020-03-16 13:00:42','2020-03-16 13:00:42'),(19,420,'Honda','car','zx','2020','OES','123','1','HONDA_56','HONDA_56',5,2712,13559,18,'2020-03-22',NULL,NULL,'2020-03-16 13:00:42','2020-03-16 13:00:42'),(19,421,'Honda','byke','xy','2020','OEM','12345','1','HONDA_57','HONDA_57',10,2712,27119,18,'2020-03-22',NULL,NULL,'2020-03-16 13:00:42','2020-03-16 13:00:42'),(19,422,'Honda','car','zx','2020','OES','123','1','HONDA_58','HONDA_58',5,2712,13559,18,'2020-03-22',NULL,NULL,'2020-03-16 13:00:42','2020-03-16 13:00:42'),(19,423,'Honda','byke','xy','2020','OEM','12345','1','HONDA_59','HONDA_59',10,2712,27119,18,'2020-03-22',NULL,NULL,'2020-03-16 13:00:42','2020-03-16 13:00:42'),(19,424,'Honda','car','zx','2020','OES','123','1','HONDA_60','HONDA_60',5,2712,13559,18,'2020-03-22',NULL,NULL,'2020-03-16 13:00:42','2020-03-16 13:00:42'),(19,425,'Honda','byke','xy','2020','OEM','12345','1','HONDA_61','HONDA_61',10,2712,27119,18,'2020-03-22',NULL,NULL,'2020-03-16 13:00:43','2020-03-16 13:00:43'),(19,426,'Honda','car','zx','2020','OES','123','1','HONDA_62','HONDA_62',5,2712,13559,18,'2020-03-22',NULL,NULL,'2020-03-16 13:00:43','2020-03-16 13:00:43'),(19,427,'Honda','byke','xy','2020','OEM','12345','1','HONDA_63','HONDA_63',10,2712,27119,18,'2020-03-22',NULL,NULL,'2020-03-16 13:00:43','2020-03-16 13:00:43'),(19,428,'Honda','car','zx','2020','OES','123','1','HONDA_64','HONDA_64',5,2712,13559,18,'2020-03-22',NULL,NULL,'2020-03-16 13:00:43','2020-03-16 13:00:43'),(19,429,'Honda','byke','xy','2020','OEM','12345','1','HONDA_65','HONDA_65',10,2712,27119,18,'2020-03-22',NULL,NULL,'2020-03-16 13:00:43','2020-03-16 13:00:43'),(19,430,'Honda','car','zx','2020','OES','123','1','HONDA_66','HONDA_66',5,2712,13559,18,'2020-03-22',NULL,NULL,'2020-03-16 13:00:43','2020-03-16 13:00:43'),(19,431,'Honda','byke','xy','2020','OEM','12345','1','HONDA_67','HONDA_67',10,2712,27119,18,'2020-03-22',NULL,NULL,'2020-03-16 13:00:43','2020-03-16 13:00:43'),(19,432,'Honda','car','zx','2020','OES','123','1','HONDA_68','HONDA_68',5,2712,13559,18,'2020-03-22',NULL,NULL,'2020-03-16 13:00:43','2020-03-16 13:00:43'),(19,433,'Honda','byke','xy','2020','OEM','12345','1','HONDA_69','HONDA_69',10,2712,27119,18,'2020-03-22',NULL,NULL,'2020-03-16 13:00:43','2020-03-16 13:00:43'),(19,434,'Honda','car','zx','2020','OES','123','1','HONDA_70','HONDA_70',5,2712,13559,18,'2020-03-22',NULL,NULL,'2020-03-16 13:00:43','2020-03-16 13:00:43'),(19,435,'Honda','byke','xy','2020','OEM','12345','1','HONDA_71','HONDA_71',10,2712,27119,18,'2020-03-22',NULL,NULL,'2020-03-16 13:00:43','2020-03-16 13:00:43'),(19,436,'Honda','car','zx','2020','OES','123','1','HONDA_72','HONDA_72',5,2712,13559,18,'2020-03-22',NULL,NULL,'2020-03-16 13:00:43','2020-03-16 13:00:43'),(19,437,'Honda','byke','xy','2020','OEM','12345','1','HONDA_73','HONDA_73',10,2712,27119,18,'2020-03-22',NULL,NULL,'2020-03-16 13:00:43','2020-03-16 13:00:43'),(19,438,'Honda','car','zx','2020','OES','123','1','HONDA_74','HONDA_74',5,2712,13559,18,'2020-03-22',NULL,NULL,'2020-03-16 13:00:43','2020-03-16 13:00:43'),(19,439,'Honda','byke','xy','2020','OEM','12345','1','HONDA_75','HONDA_75',10,2712,27119,18,'2020-03-22',NULL,NULL,'2020-03-16 13:00:43','2020-03-16 13:00:43'),(19,440,'Honda','car','zx','2020','OES','123','1','HONDA_76','HONDA_76',5,2712,13559,18,'2020-03-22',NULL,NULL,'2020-03-16 13:00:43','2020-03-16 13:00:43'),(19,441,'Honda','byke','xy','2020','OEM','12345','1','HONDA_77','HONDA_77',10,2712,27119,18,'2020-03-22',NULL,NULL,'2020-03-16 13:00:43','2020-03-16 13:00:43'),(19,442,'Honda','car','zx','2020','OES','123','1','HONDA_78','HONDA_78',5,2712,13559,18,'2020-03-22',NULL,NULL,'2020-03-16 13:00:44','2020-03-16 13:00:44'),(19,443,'Honda','byke','xy','2020','OEM','12345','1','HONDA_79','HONDA_79',10,2712,27119,18,'2020-03-22',NULL,NULL,'2020-03-16 13:00:44','2020-03-16 13:00:44'),(19,444,'Honda','car','zx','2020','OES','123','1','HONDA_80','HONDA_80',5,2712,13559,18,'2020-03-22',NULL,NULL,'2020-03-16 13:00:44','2020-03-16 13:00:44'),(19,445,'Honda','byke','xy','2020','OEM','12345','1','HONDA_81','HONDA_81',10,2712,27119,18,'2020-03-22',NULL,NULL,'2020-03-16 13:00:44','2020-03-16 13:00:44'),(19,446,'Honda','car','zx','2020','OES','123','1','HONDA_82','HONDA_82',5,2712,13559,18,'2020-03-22',NULL,NULL,'2020-03-16 13:00:44','2020-03-16 13:00:44'),(19,447,'Honda','byke','xy','2020','OEM','12345','1','HONDA_83','HONDA_83',10,2712,27119,18,'2020-03-22',NULL,NULL,'2020-03-16 13:00:44','2020-03-16 13:00:44'),(19,448,'Honda','car','zx','2020','OES','123','1','HONDA_84','HONDA_84',5,2712,13559,18,'2020-03-22',NULL,NULL,'2020-03-16 13:00:44','2020-03-16 13:00:44'),(19,449,'Honda','byke','xy','2020','OEM','12345','1','HONDA_85','HONDA_85',10,2712,27119,18,'2020-03-22',NULL,NULL,'2020-03-16 13:00:44','2020-03-16 13:00:44'),(19,450,'Honda','car','zx','2020','OES','123','1','HONDA_86','HONDA_86',5,2712,13559,18,'2020-03-22',NULL,NULL,'2020-03-16 13:00:44','2020-03-16 13:00:44'),(19,451,'Honda','byke','xy','2020','OEM','12345','1','HONDA_87','HONDA_87',10,2712,27119,18,'2020-03-22',NULL,NULL,'2020-03-16 13:00:44','2020-03-16 13:00:44'),(19,452,'Honda','car','zx','2020','OES','123','1','HONDA_88','HONDA_88',5,2712,13559,18,'2020-03-22',NULL,NULL,'2020-03-16 13:00:44','2020-03-16 13:00:44'),(19,453,'Honda','byke','xy','2020','OEM','12345','1','HONDA_89','HONDA_89',10,2712,27119,18,'2020-03-22',NULL,NULL,'2020-03-16 13:00:44','2020-03-16 13:00:44'),(19,454,'Honda','car','zx','2020','OES','123','1','HONDA_90','HONDA_90',5,2712,13559,18,'2020-03-22',NULL,NULL,'2020-03-16 13:00:44','2020-03-16 13:00:44'),(19,455,'Honda','byke','xy','2020','OEM','12345','1','HONDA_91','HONDA_91',10,2712,27119,18,'2020-03-22',NULL,NULL,'2020-03-16 13:00:44','2020-03-16 13:00:44'),(19,456,'Honda','car','zx','2020','OES','123','1','HONDA_92','HONDA_92',5,2712,13559,18,'2020-03-22',NULL,NULL,'2020-03-16 13:00:44','2020-03-16 13:00:44'),(19,457,'Honda','byke','xy','2020','OEM','12345','1','HONDA_93','HONDA_93',10,2712,27119,18,'2020-03-22',NULL,NULL,'2020-03-16 13:00:44','2020-03-16 13:00:44'),(19,458,'Honda','car','zx','2020','OES','123','1','HONDA_94','HONDA_94',5,2712,13559,18,'2020-03-22',NULL,NULL,'2020-03-16 13:00:44','2020-03-16 13:00:44'),(19,459,'Honda','byke','xy','2020','OEM','12345','1','HONDA_95','HONDA_95',10,2712,27119,18,'2020-03-22',NULL,NULL,'2020-03-16 13:00:44','2020-03-16 13:00:44'),(20,460,'HYUNDAI','','efbhqj','njfqek','OES','efwnj','2','HYUNDAI_02','HYUNDAI_02',2,NULL,0,0,'0',NULL,NULL,'2020-03-16 14:36:11','2020-03-16 14:36:11'),(21,461,'HONDA','eqf','rg','2019','OES','2019','12345','Gomechanic','GM_SKU',1,NULL,0,0,'0',NULL,NULL,'2020-03-17 06:13:41','2020-03-17 06:13:41'),(22,462,'NISSAN','wd','Byke','2019','OEM','wd','','NISSAN_01','NISSAN_01',1,NULL,0,0,'0',NULL,NULL,'2020-03-17 06:39:34','2020-03-17 06:39:34'),(23,463,'NISSAN','','bfwejh','32190','OES','efn','','NISSAN_01','NISSAN_01',2,NULL,0,0,'0',NULL,NULL,'2020-03-17 06:41:02','2020-03-17 06:41:02'),(24,464,'NISSAN','','Byke','2020','OES','jfbew','','NISSAN_01','NISSAN_01',3,NULL,0,0,'0',NULL,NULL,'2020-03-17 06:44:44','2020-03-17 06:44:44'),(25,465,'NISSAN','efqvh','vewk','2019','OES','jwcd','','NISSAN_01','NISSAN_01',13,NULL,0,0,'0',NULL,NULL,'2020-03-17 07:13:07','2020-03-17 07:13:07'),(26,466,'NISSAN','wddddd','fewf','1001','OES','123','','NISSAN_01','NISSAN_01',4,NULL,0,0,'0',NULL,NULL,'2020-03-17 10:04:58','2020-03-17 10:04:58'),(27,467,'NISSAN','wsd','Byke','2020','OES','1','','NISSAN_01','NISSAN_01',1,NULL,0,0,'0',NULL,NULL,'2020-03-17 10:08:40','2020-03-17 10:08:40'),(28,468,'RENAULT','DUSTER','Suv','2020','OES','12345','','Duster lower  ArmLH',' 545011697R',3,4334,13003,28,'2020-03-20','GMSL_WO680','Open','2020-03-18 12:13:34','2020-03-18 12:13:34'),(29,469,'TATA','ARIA','Byke','2020','OES','1234','','CHANGE OVER SWITCH21/80N BLACKOUT','0005450004J',1,933,933,18,'2020-03-26','GMSL_WO682','Open','2020-03-19 11:07:25','2020-03-19 11:07:25'),(30,470,'MAHINDRA','THAR','Suv','2020','OEM','feqjk','','ANTIFEEZE','0000000294',2,2366,4733,28,'2020-03-26','GMSL_WO683','Open','2020-03-19 14:39:02','2020-03-19 14:39:02'),(30,471,'MAHINDRA','SCORPIO GETAWAY','Suv','2020','OEM','101','','CLIP SET-CALIPER','000000062A',3,98,295,0,'2020-03-26','GMSL_WO683','Open','2020-03-19 14:39:02','2020-03-19 14:39:02'),(31,472,'TATA','INDICA V2','Byke','2020','OEM','12345','','BLEEDING SCREW W/O D CAP','0004230069J',20,58,1156,28,'2020-03-31','GMSL_WO687',NULL,'2020-03-20 09:53:35','2020-03-20 09:53:35'),(32,473,'MAHINDRA','THAR','Byke','2020','OES','fq','','OIL-BRAKE','0000000117',3,460,1380,28,'2020-03-25','GMSL_SO45','Open','2020-03-20 10:38:57','2020-03-20 10:38:57'),(33,474,'BRAND','','Suv','2020','OEM','2019','','NEW_SKU','NEW_SKU',1,2711,2711,18,'2020-03-30',NULL,NULL,'2020-03-20 10:39:43','2020-03-20 10:39:43'),(34,475,'FORD','','hqfhw','2020','OES','ee','','TRIM - WHEELHOUSE, RH','6N2Z16102A',4,738,2953,28,'2020-03-31','GMSL_NO485','Open','2020-03-20 11:23:26','2020-03-20 11:23:26'),(35,476,'MAHINDRA','QUANTO ','Suv','2020','OES','efn','','PLUG-SCREW','000000000884',1,438,438,28,'2020-03-26','GMSL_WO686',NULL,'2020-03-23 15:46:09','2020-03-23 15:46:09'),(36,477,'','','','','OES','','','Duster lower  ArmLH',' 545011697R',1,NULL,0,0,'0',NULL,NULL,'2020-03-24 11:58:29','2020-03-24 11:58:29'),(37,478,'','','','','change','','','undefined','03L105266ED',2,NULL,0,0,'0',NULL,NULL,'2020-03-24 12:58:35','2020-03-24 12:58:35');
/*!40000 ALTER TABLE `request_items` ENABLE KEYS */;
UNLOCK TABLES;

--
-- Table structure for table `status`
--

DROP TABLE IF EXISTS `status`;
/*!40101 SET @saved_cs_client     = @@character_set_client */;
/*!40101 SET character_set_client = utf8 */;
CREATE TABLE `status` (
  `status_id` int(11) NOT NULL,
  `status_name` varchar(255) COLLATE utf8mb4_unicode_ci NOT NULL,
  `created_at` timestamp NULL DEFAULT NULL,
  `updated_at` timestamp NULL DEFAULT NULL,
  PRIMARY KEY (`status_id`)
) ENGINE=InnoDB DEFAULT CHARSET=utf8mb4 COLLATE=utf8mb4_unicode_ci;
/*!40101 SET character_set_client = @saved_cs_client */;

--
-- Dumping data for table `status`
--

LOCK TABLES `status` WRITE;
/*!40000 ALTER TABLE `status` DISABLE KEYS */;
INSERT INTO `status` VALUES (0,'New',NULL,NULL),(1,'Responded',NULL,NULL),(2,'Ordered',NULL,NULL),(3,'Cancelled',NULL,NULL);
/*!40000 ALTER TABLE `status` ENABLE KEYS */;
UNLOCK TABLES;

--
-- Table structure for table `users`
--

DROP TABLE IF EXISTS `users`;
/*!40101 SET @saved_cs_client     = @@character_set_client */;
/*!40101 SET character_set_client = utf8 */;
CREATE TABLE `users` (
  `id` int(10) unsigned NOT NULL AUTO_INCREMENT,
  `name` varchar(255) COLLATE utf8mb4_unicode_ci NOT NULL,
  `email` varchar(255) COLLATE utf8mb4_unicode_ci NOT NULL,
  `email_verified_at` timestamp NULL DEFAULT NULL,
  `password` varchar(255) COLLATE utf8mb4_unicode_ci NOT NULL,
  `role` varchar(255) COLLATE utf8mb4_unicode_ci NOT NULL,
  `warehouse` varchar(255) COLLATE utf8mb4_unicode_ci DEFAULT NULL,
  `requester_type` varchar(255) COLLATE utf8mb4_unicode_ci DEFAULT NULL,
  `remember_token` varchar(100) COLLATE utf8mb4_unicode_ci DEFAULT NULL,
  `created_at` timestamp NULL DEFAULT NULL,
  `updated_at` timestamp NULL DEFAULT NULL,
  PRIMARY KEY (`id`),
  UNIQUE KEY `users_email_unique` (`email`)
) ENGINE=InnoDB AUTO_INCREMENT=19 DEFAULT CHARSET=utf8mb4 COLLATE=utf8mb4_unicode_ci;
/*!40101 SET character_set_client = @saved_cs_client */;

--
-- Dumping data for table `users`
--

LOCK TABLES `users` WRITE;
/*!40000 ALTER TABLE `users` DISABLE KEYS */;
INSERT INTO `users` VALUES (1,'Approver','approver@mieone.com',NULL,'$2y$10$jmVwYASVNdRGJ6Td60wEm.v9wWippDByz6223oXk7skUBbW/uITdK','approver','w1','Insurance',NULL,NULL,NULL),(2,'Requester','requester@mieone.com',NULL,'$2y$10$jmVwYASVNdRGJ6Td60wEm.v9wWippDByz6223oXk7skUBbW/uITdK','requester','w1','Insurance',NULL,NULL,NULL),(3,'Admin','admin@mieone.com',NULL,'$2y$10$tLaFB.GjlffHacYLEFNMGuJyfyjiESPmmE4Q0QZbnKeRN7qnTaR9e','admin','W1','Insurance',NULL,'2020-03-11 06:03:38','2020-03-11 06:03:38'),(4,'rohit','rohit@gmail.com',NULL,'$2y$10$GKlllkjtv5zKV49A1s3vxOvCSLPWQT4w5BiQ0RGdpLtBcw9aokd2O','requester','gomechanic_mumbai','Insurance',NULL,'2020-03-11 11:40:43','2020-03-11 11:40:43'),(5,'Ins_Requester1@mieone.com','Ins_Requester1@mieone.com',NULL,'$2y$10$ryKjtQcgnE3c1h0bkcy0xO63QYP6qrLIe1f7RDmmuFQsUQMbraFo2','requester','W1','Insurance',NULL,'2020-03-17 06:20:35','2020-03-17 06:20:35'),(6,'Ins_Requester2@mieone.com','Ins_Requester2@mieone.com',NULL,'$2y$10$gP9BJuun7x7Livg8H0/Yw.4tlnZdfzZhM4m/5ibwScoTjHVgdPhj2','requester','W2','Insurance',NULL,'2020-03-17 06:21:23','2020-03-17 06:21:23'),(7,'Tra_Requester1@mieone.com','Tra_Requester1@mieone.com',NULL,'$2y$10$pg2H0QaW/Bj/eeThfi6rt.DwFoKVKbK6epfNJiS86tUeH5HaLq.za','requester','W1','Traders',NULL,'2020-03-17 06:22:06','2020-03-17 06:22:06'),(8,'Tra_Requester2@mieone.com','Tra_Requester2@mieone.com',NULL,'$2y$10$F2vJvapbfR6AGeUAYP/eKe0jSHaBn//92GfRlXaZyVZB.rrhv8iFu','requester','W2','Traders',NULL,'2020-03-17 06:22:41','2020-03-17 06:22:41'),(9,'Tra_Approver1@mieone.com','Tra_Approver1@mieone.com',NULL,'$2y$10$P6SBPgqxWLo0knr9EPgXZOAP3XwpxMmiy41ClD4m4keZR5OErBG0O','approver','W1','Traders','ZyOhia6lyyKh4aWMSercjfTuAc0O0ju1mFVbxtoKAK2wsqdyHGLVm1MHOGdc','2020-03-17 06:24:09','2020-03-17 06:24:09'),(10,'Tra_Approver2@mieone.com','Tra_Approver2@mieone.com',NULL,'$2y$10$/VjaNafUSqhdZrl3f6lbiOsElVF85AXnlEUZvTazpZ.RC539eBnCG','approver','W2','Traders',NULL,'2020-03-17 06:24:48','2020-03-17 06:24:48'),(11,'Ins_Approver1@mieone.com','Ins_Approver1@mieone.com',NULL,'$2y$10$yqsr6pem3da4X5lh0X8Mc.57s2HkM1VMT2xgzfm4vS0TF.8TRvA8G','approver','W1','Insurance',NULL,'2020-03-17 06:25:41','2020-03-17 06:25:41'),(12,'Ins_Approver2@mieone.com','Ins_Approver2@mieone.com',NULL,'$2y$10$Ct1rHYcz4y8VmLk7W2SLQ.rCZsVepJrY7mTivKS8O00s65oZdqC4S','approver','W2','Insurance',NULL,'2020-03-17 06:26:14','2020-03-17 06:26:14'),(13,'Rohit Kumar','gowrurohit@gmail.com',NULL,'$2y$10$QGPyH4VTCsSwBDjsOrryK.xHT2FESj9TF6CLwSfuZXUUFEm5n5VJK','requester','gomechanic_mumbai','Traders',NULL,'2020-03-18 12:10:34','2020-03-18 12:10:34'),(14,'Tra_Mumbai@approver.com','Tra_Mumbai@approver.com',NULL,'$2y$10$ScFggsZTpu/43.p/ieGDN.zFbKhPN3EtbPpN/ve0zzPP0lMZzwEwm','approver','gomechanic_mumbai','Traders',NULL,'2020-03-18 12:14:47','2020-03-18 12:14:47'),(15,'barath','barath@mieone.com',NULL,'$2y$10$S9QqfXUnz2.2h/zbpFceMOVWttVlYKdWlzfTtZ6YzR8nkoQXCK78C','requester','gomechanic_bangalore','Traders',NULL,'2020-03-20 10:35:20','2020-03-20 10:35:20'),(16,'Tra_Bangalore@approver.com','Tra_Bangalore@approver.com',NULL,'$2y$10$kPJbfTiESSV/Ck8KWG9gJuqJdrRtHGk65EwNxypz99S3n/w/FmPJa','approver','gomechanic_bangalore','Traders',NULL,'2020-03-20 10:36:35','2020-03-20 10:36:35'),(17,'Vishnu','vishnu@mieone.com',NULL,'$2y$10$zUjrCv/euq85zP8LoNA0fuifoNRhpWyFlY6oe/H6sSM1FspJeBdPi','requester','gomechanic_gurgaon','Traders',NULL,'2020-03-20 11:19:31','2020-03-20 11:19:31'),(18,'Tra_Gurgaon@approver.com','Tra_Gurgaon@approver.com',NULL,'$2y$10$8xloMHrFDvpwk4WsSZBlxe6HRJi1W2JabZ6ljh8NLnYqJ18FBf1Li','approver','gomechanic_gurgaon','Traders',NULL,'2020-03-20 11:20:42','2020-03-20 11:20:42');
/*!40000 ALTER TABLE `users` ENABLE KEYS */;
UNLOCK TABLES;
/*!40103 SET TIME_ZONE=@OLD_TIME_ZONE */;

/*!40101 SET SQL_MODE=@OLD_SQL_MODE */;
/*!40014 SET FOREIGN_KEY_CHECKS=@OLD_FOREIGN_KEY_CHECKS */;
/*!40014 SET UNIQUE_CHECKS=@OLD_UNIQUE_CHECKS */;
/*!40101 SET CHARACTER_SET_CLIENT=@OLD_CHARACTER_SET_CLIENT */;
/*!40101 SET CHARACTER_SET_RESULTS=@OLD_CHARACTER_SET_RESULTS */;
/*!40101 SET COLLATION_CONNECTION=@OLD_COLLATION_CONNECTION */;
/*!40111 SET SQL_NOTES=@OLD_SQL_NOTES */;

-- Dump completed on 2020-03-26 15:24:23
